epoch,step,train/loss_epoch,train/loss_step,val/acc,val/acc_AK,val/acc_BCC,val/acc_BKL,val/acc_DF,val/acc_MEL,val/acc_NV,val/f1_macro,val/loss
0,19,,1.1160435676574707,,,,,,,,,
0,39,,0.9720430970191956,,,,,,,,,
0,59,,0.8338465690612793,,,,,,,,,
0,79,,0.9942812919616699,,,,,,,,,
0,99,,0.8941816687583923,,,,,,,,,
0,119,,0.9565905332565308,,,,,,,,,
0,139,,0.7512884736061096,,,,,,,,,
0,159,,0.7699480056762695,,,,,,,,,
0,164,,,0.4643349051475525,0.16546761989593506,0.7593985199928284,0.369047611951828,0.029999999329447746,0.5096685290336609,0.9524272084236145,0.4880237281322479,0.7978609204292297
0,164,0.9462418556213379,,,,,,,,,,
1,179,,0.8345437049865723,,,,,,,,,
1,199,,0.7794663310050964,,,,,,,,,
1,219,,0.7708544135093689,,,,,,,,,
1,239,,0.7914796471595764,,,,,,,,,
1,259,,0.6880830526351929,,,,,,,,,
1,279,,0.8076159358024597,,,,,,,,,
1,299,,0.6471640467643738,,,,,,,,,
1,319,,0.6378113031387329,,,,,,,,,
1,329,,,0.5718955397605896,0.5827338099479675,0.7781955003738403,0.41904762387275696,0.1599999964237213,0.5511049628257751,0.9402912855148315,0.5800027847290039,0.7585422396659851
1,329,0.7482926249504089,,,,,,,,,,
2,339,,0.6564910411834717,,,,,,,,,
2,359,,0.6350493431091309,,,,,,,,,
2,379,,0.6822469830513,,,,,,,,,
2,399,,0.7669826745986938,,,,,,,,,
2,419,,0.7042456269264221,,,,,,,,,
2,439,,0.6233490109443665,,,,,,,,,
2,459,,0.6212661266326904,,,,,,,,,
2,479,,0.7619573473930359,,,,,,,,,
2,494,,,0.5544910430908203,0.17266187071800232,0.8327067494392395,0.34761905670166016,0.3700000047683716,0.7486187815666199,0.8553398251533508,0.5609297752380371,0.7880536317825317
2,494,0.6595910787582397,,,,,,,,,,
3,499,,0.5981535315513611,,,,,,,,,
3,519,,0.6633657813072205,,,,,,,,,
3,539,,0.647711455821991,,,,,,,,,
3,559,,0.6323496103286743,,,,,,,,,
3,579,,0.5650323033332825,,,,,,,,,
3,599,,0.6184635162353516,,,,,,,,,
3,619,,0.6616395115852356,,,,,,,,,
3,639,,0.7005000114440918,,,,,,,,,
3,659,,0.5426509380340576,,,,,,,,,
3,659,,,0.5896009802818298,0.3309352397918701,0.8740601539611816,0.4047619104385376,0.4099999964237213,0.6270717978477478,0.8907766938209534,0.5950085520744324,0.7813535332679749
3,659,0.6006156206130981,,,,,,,,,,
4,679,,0.5853695273399353,,,,,,,,,
4,699,,0.6400635242462158,,,,,,,,,
4,719,,0.5227847099304199,,,,,,,,,
4,739,,0.594990611076355,,,,,,,,,
4,759,,0.5694815516471863,,,,,,,,,
4,779,,0.603766918182373,,,,,,,,,
4,799,,0.4982866048812866,,,,,,,,,
4,819,,0.6728314757347107,,,,,,,,,
4,824,,,0.6004042625427246,0.3956834673881531,0.9097744226455688,0.561904788017273,0.36000001430511475,0.4765193462371826,0.8985437154769897,0.6059137582778931,0.8485991954803467
4,824,0.5640539526939392,,,,,,,,,,
5,839,,0.3369444012641907,,,,,,,,,
5,859,,0.4177556037902832,,,,,,,,,
5,879,,0.3979000449180603,,,,,,,,,
5,899,,0.45776504278182983,,,,,,,,,
5,919,,0.5688261985778809,,,,,,,,,
5,939,,0.5848472714424133,,,,,,,,,
5,959,,0.5688204765319824,,,,,,,,,
5,979,,0.4334565997123718,,,,,,,,,
5,989,,,0.5973272919654846,0.42446044087409973,0.7875939607620239,0.39047619700431824,0.3199999928474426,0.8522099256515503,0.8092232942581177,0.6194857954978943,0.9075430631637573
5,989,0.4827619194984436,,,,,,,,,,
6,999,,0.30353355407714844,,,,,,,,,
6,1019,,0.38622716069221497,,,,,,,,,
6,1039,,0.3915596902370453,,,,,,,,,
6,1059,,0.482634574174881,,,,,,,,,
6,1079,,0.4965789318084717,,,,,,,,,
6,1099,,0.45184826850891113,,,,,,,,,
6,1119,,0.4582148492336273,,,,,,,,,
6,1139,,0.46479445695877075,,,,,,,,,
6,1154,,,0.49485790729522705,0.28776979446411133,0.6672932505607605,0.2928571403026581,0.07999999821186066,0.7417126893997192,0.8995145559310913,0.5208926796913147,0.9162742495536804
6,1154,0.4114948809146881,,,,,,,,,,
7,1159,,0.33674055337905884,,,,,,,,,
7,1179,,0.359600305557251,,,,,,,,,
7,1199,,0.4315135180950165,,,,,,,,,
7,1219,,0.43501579761505127,,,,,,,,,
7,1239,,0.4102402329444885,,,,,,,,,
7,1259,,0.4415748119354248,,,,,,,,,
7,1279,,0.4492417573928833,,,,,,,,,
7,1299,,0.4377787709236145,,,,,,,,,
7,1319,,0.4247574210166931,,,,,,,,,
7,1319,,,0.6666439771652222,0.42446044087409973,0.8308270573616028,0.6619047522544861,0.6000000238418579,0.6312154531478882,0.8514562845230103,0.6459437608718872,0.8372410535812378
7,1319,0.36658406257629395,,,,,,,,,,
8,1339,,0.35667991638183594,,,,,,,,,
8,1359,,0.25212883949279785,,,,,,,,,
8,1379,,0.3337165117263794,,,,,,,,,
8,1399,,0.23105007410049438,,,,,,,,,
8,1419,,0.37552011013031006,,,,,,,,,
8,1439,,0.3751363456249237,,,,,,,,,
8,1459,,0.3682042956352234,,,,,,,,,
8,1479,,0.23253825306892395,,,,,,,,,
8,1484,,,0.6075775623321533,0.40287768840789795,0.8740601539611816,0.3857142925262451,0.3799999952316284,0.7071823477745056,0.8956310749053955,0.63106369972229,0.8381299376487732
8,1484,0.33440011739730835,,,,,,,,,,
9,1499,,0.33423158526420593,,,,,,,,,
9,1519,,0.2850736379623413,,,,,,,,,
9,1539,,0.24638532102108002,,,,,,,,,
9,1559,,0.3085138201713562,,,,,,,,,
9,1579,,0.3208469748497009,,,,,,,,,
9,1599,,0.27270370721817017,,,,,,,,,
9,1619,,0.33687475323677063,,,,,,,,,
9,1639,,0.26663291454315186,,,,,,,,,
9,1649,,,0.6135775446891785,0.3884892165660858,0.8214285969734192,0.550000011920929,0.3199999928474426,0.6947513818740845,0.9067960977554321,0.6431624889373779,0.7933818101882935
9,1649,0.2936621904373169,,,,,,,,,,
10,1659,,0.2711966037750244,,,,,,,,,
10,1679,,0.21059414744377136,,,,,,,,,
10,1699,,0.2190951108932495,,,,,,,,,
10,1719,,0.22912639379501343,,,,,,,,,
10,1739,,0.321564257144928,,,,,,,,,
10,1759,,0.2174873948097229,,,,,,,,,
10,1779,,0.28207075595855713,,,,,,,,,
10,1799,,0.26487410068511963,,,,,,,,,
10,1814,,,0.5320228934288025,0.4316546618938446,0.5939849615097046,0.5023809671401978,0.10999999940395355,0.5939226746559143,0.9601941704750061,0.5716238021850586,0.9154424071311951
10,1814,0.26183241605758667,,,,,,,,,,
11,1819,,0.2196386456489563,,,,,,,,,
11,1839,,0.22467346489429474,,,,,,,,,
11,1859,,0.20639178156852722,,,,,,,,,
11,1879,,0.24267874658107758,,,,,,,,,
11,1899,,0.2677900791168213,,,,,,,,,
11,1919,,0.24236468970775604,,,,,,,,,
11,1939,,0.21311813592910767,,,,,,,,,
11,1959,,0.24804449081420898,,,,,,,,,
11,1979,,0.2595560550689697,,,,,,,,,
11,1979,,,0.6022414565086365,0.3884892165660858,0.6804511547088623,0.4404761791229248,0.4399999976158142,0.7776243090629578,0.8864077925682068,0.6208893656730652,0.8577890396118164
11,1979,0.24621978402137756,,,,,,,,,,
12,1999,,0.2877213954925537,,,,,,,,,
12,2019,,0.27312958240509033,,,,,,,,,
12,2039,,0.251555472612381,,,,,,,,,
12,2059,,0.2110491394996643,,,,,,,,,
12,2079,,0.27031606435775757,,,,,,,,,
12,2099,,0.2610730528831482,,,,,,,,,
12,2119,,0.24154844880104065,,,,,,,,,
12,2139,,0.21713754534721375,,,,,,,,,
12,2144,,,0.62624591588974,0.48201438784599304,0.7349624037742615,0.526190459728241,0.4000000059604645,0.7279005646705627,0.8864077925682068,0.6464648842811584,0.8542636632919312
12,2144,0.2331443727016449,,,,,,,,,,
13,2159,,0.21640676259994507,,,,,,,,,
13,2179,,0.21825344860553741,,,,,,,,,
13,2199,,0.1959477961063385,,,,,,,,,
13,2219,,0.1882990449666977,,,,,,,,,
13,2239,,0.23001202940940857,,,,,,,,,
13,2259,,0.2160164713859558,,,,,,,,,
13,2279,,0.28792881965637207,,,,,,,,,
13,2299,,0.2232731729745865,,,,,,,,,
13,2309,,,0.6512119770050049,0.4892086386680603,0.8853383660316467,0.5404762029647827,0.4300000071525574,0.6229282021522522,0.9393203854560852,0.6780823469161987,0.7881256341934204
13,2309,0.22528497874736786,,,,,,,,,,
14,2319,,0.23061056435108185,,,,,,,,,
14,2339,,0.17864540219306946,,,,,,,,,
14,2359,,0.20493419468402863,,,,,,,,,
14,2379,,0.18914192914962769,,,,,,,,,
14,2399,,0.18290361762046814,,,,,,,,,
14,2419,,0.2672569751739502,,,,,,,,,
14,2439,,0.23548376560211182,,,,,,,,,
14,2459,,0.17410659790039062,,,,,,,,,
14,2474,,,0.6013643741607666,0.3093525171279907,0.7894737124443054,0.5047619342803955,0.3400000035762787,0.7582873106002808,0.9063106775283813,0.6356589794158936,0.8602149486541748
14,2474,0.20795556902885437,,,,,,,,,,
15,2479,,0.19219179451465607,,,,,,,,,
15,2499,,0.18397311866283417,,,,,,,,,
15,2519,,0.22886022925376892,,,,,,,,,
15,2539,,0.20701824128627777,,,,,,,,,
15,2559,,0.1891256719827652,,,,,,,,,
15,2579,,0.20606541633605957,,,,,,,,,
15,2599,,0.21318912506103516,,,,,,,,,
15,2619,,0.19124387204647064,,,,,,,,,
15,2639,,0.19253520667552948,,,,,,,,,
15,2639,,,0.6180213093757629,0.3381294906139374,0.8251879811286926,0.7333333492279053,0.28999999165534973,0.6049723625183105,0.9165048599243164,0.6391775608062744,0.7930295467376709
15,2639,0.2000935822725296,,,,,,,,,,
16,2659,,0.23365671932697296,,,,,,,,,
16,2679,,0.17215438187122345,,,,,,,,,
16,2699,,0.19735175371170044,,,,,,,,,
16,2719,,0.17285069823265076,,,,,,,,,
16,2739,,0.17219671607017517,,,,,,,,,
16,2759,,0.1884383261203766,,,,,,,,,
16,2779,,0.2108478993177414,,,,,,,,,
16,2799,,0.20456115901470184,,,,,,,,,
16,2804,,,0.6575806140899658,0.5323740839958191,0.8195488452911377,0.5880952477455139,0.4300000071525574,0.6298342347145081,0.9456310868263245,0.6829004287719727,0.7786905169487
16,2804,0.19654758274555206,,,,,,,,,,
17,2819,,0.21860899031162262,,,,,,,,,
17,2839,,0.16885718703269958,,,,,,,,,
17,2859,,0.18199163675308228,,,,,,,,,
17,2879,,0.28738418221473694,,,,,,,,,
17,2899,,0.17922218143939972,,,,,,,,,
17,2919,,0.17516635358333588,,,,,,,,,
17,2939,,0.1877051293849945,,,,,,,,,
17,2959,,0.1721794605255127,,,,,,,,,
17,2969,,,0.676939845085144,0.5107913613319397,0.9229323267936707,0.5190476179122925,0.49000000953674316,0.7154695987701416,0.9033980369567871,0.6926940679550171,0.7649462223052979
17,2969,0.18720442056655884,,,,,,,,,,
18,2979,,0.16976620256900787,,,,,,,,,
18,2999,,0.1821090430021286,,,,,,,,,
18,3019,,0.17453554272651672,,,,,,,,,
18,3039,,0.174199640750885,,,,,,,,,
18,3059,,0.1758413165807724,,,,,,,,,
18,3079,,0.17328868806362152,,,,,,,,,
18,3099,,0.1702173799276352,,,,,,,,,
18,3119,,0.1678624302148819,,,,,,,,,
18,3134,,,0.6351061463356018,0.38129496574401855,0.8740601539611816,0.5023809671401978,0.46000000834465027,0.639502763748169,0.9533980488777161,0.6794829368591309,0.8089838624000549
18,3134,0.1821557581424713,,,,,,,,,,
19,3139,,0.18190011382102966,,,,,,,,,
19,3159,,0.1767909973859787,,,,,,,,,
19,3179,,0.19639359414577484,,,,,,,,,
19,3199,,0.16700755059719086,,,,,,,,,
19,3219,,0.1859913468360901,,,,,,,,,
19,3239,,0.17805376648902893,,,,,,,,,
19,3259,,0.18725475668907166,,,,,,,,,
19,3279,,0.22192296385765076,,,,,,,,,
19,3299,,0.17348338663578033,,,,,,,,,
19,3299,,,0.6317976713180542,0.3741007149219513,0.8815789222717285,0.5523809790611267,0.3499999940395355,0.7016574740409851,0.931067943572998,0.6644713282585144,0.7927594780921936
19,3299,0.18262240290641785,,,,,,,,,,
20,3319,,0.1891229748725891,,,,,,,,,
20,3339,,0.1881629079580307,,,,,,,,,
20,3359,,0.17724503576755524,,,,,,,,,
20,3379,,0.2123432457447052,,,,,,,,,
20,3399,,0.1718507707118988,,,,,,,,,
20,3419,,0.1664922684431076,,,,,,,,,
20,3439,,0.1822175532579422,,,,,,,,,
20,3459,,0.1709071546792984,,,,,,,,,
20,3464,,,0.6389855146408081,0.4100719392299652,0.86654132604599,0.4452380836009979,0.5400000214576721,0.6477900743484497,0.924271821975708,0.655638575553894,0.8280643820762634
20,3464,0.18030361831188202,,,,,,,,,,
21,3479,,0.17012517154216766,,,,,,,,,
21,3499,,0.1749950796365738,,,,,,,,,
21,3519,,0.17192783951759338,,,,,,,,,
21,3539,,0.18757252395153046,,,,,,,,,
21,3559,,0.1757584512233734,,,,,,,,,
21,3579,,0.1709071546792984,,,,,,,,,
21,3599,,0.19616414606571198,,,,,,,,,
21,3619,,0.18340957164764404,,,,,,,,,
21,3629,,,0.6731741428375244,0.4532374143600464,0.8815789222717285,0.5357142686843872,0.5199999809265137,0.7237569093704224,0.9247573018074036,0.7029680013656616,0.7490065693855286
21,3629,0.1739705204963684,,,,,,,,,,
22,3639,,0.16548039019107819,,,,,,,,,
22,3659,,0.16414344310760498,,,,,,,,,
22,3679,,0.16906026005744934,,,,,,,,,
22,3699,,0.1760629117488861,,,,,,,,,
22,3719,,0.1723225861787796,,,,,,,,,
22,3739,,0.16952070593833923,,,,,,,,,
22,3759,,0.16503393650054932,,,,,,,,,
22,3779,,0.1689014732837677,,,,,,,,,
22,3794,,,0.6458182334899902,0.4316546618938446,0.8853383660316467,0.523809552192688,0.4000000059604645,0.7030386924743652,0.931067943572998,0.6804929375648499,0.7714683413505554
22,3794,0.168603777885437,,,,,,,,,,
23,3799,,0.16251400113105774,,,,,,,,,
23,3819,,0.16099531948566437,,,,,,,,,
23,3839,,0.1670609712600708,,,,,,,,,
23,3859,,0.1711777150630951,,,,,,,,,
23,3879,,0.165203258395195,,,,,,,,,
23,3899,,0.16152682900428772,,,,,,,,,
23,3919,,0.1648995727300644,,,,,,,,,
23,3939,,0.16964831948280334,,,,,,,,,
23,3959,,0.16084058582782745,,,,,,,,,
23,3959,,,0.6307673454284668,0.4460431635379791,0.8684210777282715,0.523809552192688,0.36000001430511475,0.6353591084480286,0.9509708881378174,0.6701269149780273,0.7956296801567078
23,3959,0.16723282635211945,,,,,,,,,,
24,3979,,0.17011989653110504,,,,,,,,,
24,3999,,0.17020341753959656,,,,,,,,,
24,4019,,0.16069939732551575,,,,,,,,,
24,4039,,0.1612893044948578,,,,,,,,,
24,4059,,0.16824111342430115,,,,,,,,,
24,4079,,0.17647264897823334,,,,,,,,,
24,4099,,0.163360595703125,,,,,,,,,
24,4119,,0.1633216142654419,,,,,,,,,
24,4124,,,0.6527355909347534,0.41726619005203247,0.9097744226455688,0.4642857015132904,0.44999998807907104,0.7707182168960571,0.9043689370155334,0.6783554553985596,0.7518889904022217
24,4124,0.16588617861270905,,,,,,,,,,
25,4139,,0.16580337285995483,,,,,,,,,
25,4159,,0.16089396178722382,,,,,,,,,
25,4179,,0.16024810075759888,,,,,,,,,
25,4199,,0.16479027271270752,,,,,,,,,
25,4219,,0.1631179004907608,,,,,,,,,
25,4239,,0.16077792644500732,,,,,,,,,
25,4259,,0.17495521903038025,,,,,,,,,
25,4279,,0.1666518747806549,,,,,,,,,
25,4289,,,0.6753361225128174,0.4532374143600464,0.8928571343421936,0.5785714387893677,0.5,0.6933701634407043,0.9339805841445923,0.7047609090805054,0.7407824397087097
25,4289,0.16248898208141327,,,,,,,,,,
26,4299,,0.1598374843597412,,,,,,,,,
26,4319,,0.16195106506347656,,,,,,,,,
26,4339,,0.15974202752113342,,,,,,,,,
26,4359,,0.16111798584461212,,,,,,,,,
26,4379,,0.15986771881580353,,,,,,,,,
26,4399,,0.15919150412082672,,,,,,,,,
26,4419,,0.16096577048301697,,,,,,,,,
26,4439,,0.15882781147956848,,,,,,,,,
26,4454,,,0.6852255463600159,0.4676258862018585,0.8740601539611816,0.6142857074737549,0.5099999904632568,0.7099447250366211,0.9354369044303894,0.7169065475463867,0.7186750173568726
26,4454,0.1615125685930252,,,,,,,,,,
27,4459,,0.1600472629070282,,,,,,,,,
27,4479,,0.15958626568317413,,,,,,,,,
27,4499,,0.1603812873363495,,,,,,,,,
27,4519,,0.1603221893310547,,,,,,,,,
27,4539,,0.16039876639842987,,,,,,,,,
27,4559,,0.16462449729442596,,,,,,,,,
27,4579,,0.16224521398544312,,,,,,,,,
27,4599,,0.16095779836177826,,,,,,,,,
27,4619,,0.16562920808792114,,,,,,,,,
27,4619,,,0.6868370771408081,0.4460431635379791,0.8815789222717285,0.6357142925262451,0.5299999713897705,0.6961326003074646,0.9315534234046936,0.7174043655395508,0.7090099453926086
27,4619,0.16146208345890045,,,,,,,,,,
28,4639,,0.16010718047618866,,,,,,,,,
28,4659,,0.16089658439159393,,,,,,,,,
28,4679,,0.16411909461021423,,,,,,,,,
28,4699,,0.15958882868289948,,,,,,,,,
28,4719,,0.1601429581642151,,,,,,,,,
28,4739,,0.16107848286628723,,,,,,,,,
28,4759,,0.16157640516757965,,,,,,,,,
28,4779,,0.15991589426994324,,,,,,,,,
28,4784,,,0.6830238103866577,0.4460431635379791,0.88345867395401,0.6071428656578064,0.5199999809265137,0.7099447250366211,0.9315534234046936,0.7143319845199585,0.7155804634094238
28,4784,0.16130949556827545,,,,,,,,,,
29,4799,,0.16093353927135468,,,,,,,,,
29,4819,,0.15936610102653503,,,,,,,,,
29,4839,,0.15905633568763733,,,,,,,,,
29,4859,,0.159957617521286,,,,,,,,,
29,4879,,0.15977168083190918,,,,,,,,,
29,4899,,0.16302956640720367,,,,,,,,,
29,4919,,0.1592128574848175,,,,,,,,,
29,4939,,0.15948528051376343,,,,,,,,,
29,4949,,,0.65656977891922,0.42446044087409973,0.8984962701797485,0.561904788017273,0.41999998688697815,0.6947513818740845,0.939805805683136,0.6908036470413208,0.7409105896949768
29,4949,0.16034817695617676,,,,,,,,,,
30,4959,,0.1617247760295868,,,,,,,,,
30,4979,,0.15947146713733673,,,,,,,,,
30,4999,,0.15880444645881653,,,,,,,,,
30,5019,,0.15922749042510986,,,,,,,,,
30,5039,,0.16173192858695984,,,,,,,,,
30,5059,,0.15962734818458557,,,,,,,,,
30,5079,,0.1597525030374527,,,,,,,,,
30,5099,,0.1592918336391449,,,,,,,,,
30,5114,,,0.662382185459137,0.4316546618938446,0.8853383660316467,0.6071428656578064,0.4099999964237213,0.6988950371742249,0.9412621259689331,0.6988111734390259,0.7218340039253235
30,5114,0.16003954410552979,,,,,,,,,,
31,5119,,0.1606598198413849,,,,,,,,,
31,5139,,0.15832218527793884,,,,,,,,,
31,5159,,0.15896010398864746,,,,,,,,,
31,5179,,0.16069716215133667,,,,,,,,,
31,5199,,0.15924124419689178,,,,,,,,,
31,5219,,0.15871450304985046,,,,,,,,,
31,5239,,0.1585988700389862,,,,,,,,,
31,5259,,0.1612403690814972,,,,,,,,,
31,5279,,0.1596493273973465,,,,,,,,,
31,5279,,,0.6725037097930908,0.42446044087409973,0.8853383660316467,0.5928571224212646,0.4699999988079071,0.7279005646705627,0.9344660043716431,0.7068171501159668,0.710171639919281
31,5279,0.1594516634941101,,,,,,,,,,
32,5299,,0.16023027896881104,,,,,,,,,
32,5319,,0.159669890999794,,,,,,,,,
32,5339,,0.15849101543426514,,,,,,,,,
32,5359,,0.15853139758110046,,,,,,,,,
32,5379,,0.15827657282352448,,,,,,,,,
32,5399,,0.15953156352043152,,,,,,,,,
32,5419,,0.16067171096801758,,,,,,,,,
32,5439,,0.15896083414554596,,,,,,,,,
32,5444,,,0.6779146194458008,0.4316546618938446,0.8872180581092834,0.6309523582458496,0.46000000834465027,0.7251381278038025,0.9325242638587952,0.7108988761901855,0.7074970006942749
32,5444,0.15946239233016968,,,,,,,,,,
33,5459,,0.15883547067642212,,,,,,,,,
33,5479,,0.1591019183397293,,,,,,,,,
33,5499,,0.15828120708465576,,,,,,,,,
33,5519,,0.1586688905954361,,,,,,,,,
33,5539,,0.15862992405891418,,,,,,,,,
33,5559,,0.15934349596500397,,,,,,,,,
33,5579,,0.15905886888504028,,,,,,,,,
33,5599,,0.15917250514030457,,,,,,,,,
33,5609,,,0.6673535108566284,0.4460431635379791,0.8815789222717285,0.6000000238418579,0.4399999976158142,0.6947513818740845,0.9417475461959839,0.7032774090766907,0.7212472558021545
33,5609,0.15934768319129944,,,,,,,,,,
34,5619,,0.15951979160308838,,,,,,,,,
34,5639,,0.15877608954906464,,,,,,,,,
34,5659,,0.1595793515443802,,,,,,,,,
34,5679,,0.15890148282051086,,,,,,,,,
34,5699,,0.15875892341136932,,,,,,,,,
34,5719,,0.15847216546535492,,,,,,,,,
34,5739,,0.15888868272304535,,,,,,,,,
34,5759,,0.15882807970046997,,,,,,,,,
34,5774,,,0.662580132484436,0.40287768840789795,0.8947368264198303,0.6047618985176086,0.4300000071525574,0.7071823477745056,0.9359223246574402,0.6987833976745605,0.7214801907539368
34,5774,0.15923179686069489,,,,,,,,,,
35,5779,,0.15836142003536224,,,,,,,,,
35,5799,,0.15966594219207764,,,,,,,,,
35,5819,,0.1587551236152649,,,,,,,,,
35,5839,,0.15886886417865753,,,,,,,,,
35,5859,,0.17650184035301208,,,,,,,,,
35,5879,,0.15849518775939941,,,,,,,,,
35,5899,,0.1587304323911667,,,,,,,,,
35,5919,,0.1601775884628296,,,,,,,,,
35,5939,,0.15834195911884308,,,,,,,,,
35,5939,,,0.6672875285148621,0.4100719392299652,0.8890977501869202,0.5904762148857117,0.46000000834465027,0.719613254070282,0.9344660043716431,0.7007859945297241,0.7195553183555603
35,5939,0.15923422574996948,,,,,,,,,,
36,5959,,0.1597367525100708,,,,,,,,,
36,5979,,0.1699809432029724,,,,,,,,,
36,5999,,0.15884724259376526,,,,,,,,,
36,6019,,0.1583845168352127,,,,,,,,,
36,6039,,0.15887272357940674,,,,,,,,,
36,6059,,0.1582125723361969,,,,,,,,,
36,6079,,0.1587202101945877,,,,,,,,,
36,6099,,0.15841113030910492,,,,,,,,,
36,6104,,,0.6656696796417236,0.4460431635379791,0.8853383660316467,0.5952380895614624,0.41999998688697815,0.708563506603241,0.9388349652290344,0.6998452544212341,0.7198799848556519
36,6104,0.15934455394744873,,,,,,,,,,
37,6119,,0.1603248417377472,,,,,,,,,
37,6139,,0.15837228298187256,,,,,,,,,
37,6159,,0.15997877717018127,,,,,,,,,
37,6179,,0.15961506962776184,,,,,,,,,
37,6199,,0.1586858481168747,,,,,,,,,
37,6219,,0.15872718393802643,,,,,,,,,
37,6239,,0.15867573022842407,,,,,,,,,
37,6259,,0.15840646624565125,,,,,,,,,
37,6269,,,0.6635382175445557,0.4316546618938446,0.8815789222717285,0.5880952477455139,0.4300000071525574,0.7071823477745056,0.9427184462547302,0.69926917552948,0.7216640710830688
37,6269,0.15913738310337067,,,,,,,,,,
38,6279,,0.1623881459236145,,,,,,,,,
38,6299,,0.15869031846523285,,,,,,,,,
38,6319,,0.16093593835830688,,,,,,,,,
38,6339,,0.15827777981758118,,,,,,,,,
38,6359,,0.1582391858100891,,,,,,,,,
38,6379,,0.15844044089317322,,,,,,,,,
38,6399,,0.158405140042305,,,,,,,,,
38,6419,,0.15849117934703827,,,,,,,,,
38,6434,,,0.6638047099113464,0.42446044087409973,0.896616518497467,0.5785714387893677,0.4399999976158142,0.7058011293411255,0.9373786449432373,0.6976908445358276,0.7236919403076172
38,6434,0.15894627571105957,,,,,,,,,,
39,6439,,0.15905629098415375,,,,,,,,,
39,6459,,0.16003939509391785,,,,,,,,,
39,6479,,0.16056784987449646,,,,,,,,,
39,6499,,0.15958335995674133,,,,,,,,,
39,6519,,0.15819311141967773,,,,,,,,,
39,6539,,0.15901638567447662,,,,,,,,,
39,6559,,0.15918448567390442,,,,,,,,,
39,6579,,0.16251203417778015,,,,,,,,,
39,6599,,0.15848520398139954,,,,,,,,,
39,6599,,,0.658705472946167,0.41726619005203247,0.8928571343421936,0.5833333134651184,0.41999998688697815,0.6975138187408447,0.9412621259689331,0.694318413734436,0.7299357652664185
39,6599,0.1592218428850174,,,,,,,,,,
