epoch,step,train/loss_epoch,train/loss_step,val/acc,val/acc_AK,val/acc_BCC,val/acc_BKL,val/acc_MEL,val/acc_NV,val/f1_macro,val/loss
0,19,,1.0102518796920776,,,,,,,,
0,39,,0.7555764317512512,,,,,,,,
0,59,,0.728015124797821,,,,,,,,
0,79,,0.7911260724067688,,,,,,,,
0,99,,0.7568931579589844,,,,,,,,
0,119,,0.7930980920791626,,,,,,,,
0,139,,0.8596809506416321,,,,,,,,
0,159,,0.6925419569015503,,,,,,,,
0,160,,,0.588010311126709,0.12230215966701508,0.8947368264198303,0.48571428656578064,0.519336998462677,0.9179611802101135,0.5974915027618408,0.7017385363578796
0,160,0.8797143697738647,,,,,,,,,
1,179,,0.7436124682426453,,,,,,,,
1,199,,0.5560347437858582,,,,,,,,
1,219,,0.5944374203681946,,,,,,,,
1,239,,0.7034244537353516,,,,,,,,
1,259,,0.6385552287101746,,,,,,,,
1,279,,0.6841535568237305,,,,,,,,
1,299,,0.601768970489502,,,,,,,,
1,319,,0.5932761430740356,,,,,,,,
1,321,,,0.6462422609329224,0.3309352397918701,0.8890977501869202,0.5214285850524902,0.5635359287261963,0.9262135624885559,0.667167067527771,0.6616242527961731
1,321,0.6840860247612,,,,,,,,,
2,339,,0.3526195287704468,,,,,,,,
2,359,,0.6366567015647888,,,,,,,,
2,379,,0.4878709316253662,,,,,,,,
2,399,,0.7527821063995361,,,,,,,,
2,419,,0.698745846748352,,,,,,,,
2,439,,0.6248338222503662,,,,,,,,
2,459,,0.5232303142547607,,,,,,,,
2,479,,0.6568946242332458,,,,,,,,
2,482,,,0.6012223362922668,0.20143884420394897,0.8327067494392395,0.3976190388202667,0.7486187815666199,0.825728178024292,0.6149129867553711,0.7570796608924866
2,482,0.6029758453369141,,,,,,,,,
3,499,,0.4950289726257324,,,,,,,,
3,519,,0.47807133197784424,,,,,,,,
3,539,,0.6957873106002808,,,,,,,,
3,559,,0.5657969117164612,,,,,,,,
3,579,,0.44761011004447937,,,,,,,,
3,599,,0.5474967956542969,,,,,,,,
3,619,,0.5082601308822632,,,,,,,,
3,639,,0.3825923502445221,,,,,,,,
3,643,,,0.6277205944061279,0.3741007149219513,0.6578947305679321,0.6023809313774109,0.6008287072181702,0.9033980369567871,0.6394935846328735,0.7146618962287903
3,643,0.5565088987350464,,,,,,,,,
4,659,,0.36804434657096863,,,,,,,,
4,679,,0.6483616232872009,,,,,,,,
4,699,,0.5188814401626587,,,,,,,,
4,719,,0.5106418132781982,,,,,,,,
4,739,,0.5443455576896667,,,,,,,,
4,759,,0.6324422359466553,,,,,,,,
4,779,,0.6353296041488647,,,,,,,,
4,799,,0.5234092473983765,,,,,,,,
4,804,,,0.6910139322280884,0.6115108132362366,0.7819548845291138,0.6428571343421936,0.4944751262664795,0.924271821975708,0.6825459599494934,0.6856278777122498
4,804,0.5147608518600464,,,,,,,,,
5,819,,0.455752432346344,,,,,,,,
5,839,,0.40783101320266724,,,,,,,,
5,859,,0.3900361657142639,,,,,,,,
5,879,,0.4144003391265869,,,,,,,,
5,899,,0.5129467844963074,,,,,,,,
5,919,,0.434814989566803,,,,,,,,
5,939,,0.5278021097183228,,,,,,,,
5,959,,0.49896949529647827,,,,,,,,
5,965,,,0.6143238544464111,0.36690646409988403,0.6109022498130798,0.47857141494750977,0.7375690340995789,0.8776699304580688,0.6410377025604248,0.807979941368103
5,965,0.44767993688583374,,,,,,,,,
6,979,,0.3743494749069214,,,,,,,,
6,999,,0.37010663747787476,,,,,,,,
6,1019,,0.27480432391166687,,,,,,,,
6,1039,,0.4894483685493469,,,,,,,,
6,1059,,0.31196457147598267,,,,,,,,
6,1079,,0.352571576833725,,,,,,,,
6,1099,,0.4660799503326416,,,,,,,,
6,1119,,0.3274942934513092,,,,,,,,
6,1126,,,0.6728993654251099,0.38129496574401855,0.8646616339683533,0.4809523820877075,0.799723744392395,0.837864100933075,0.6843246817588806,0.7317489981651306
6,1126,0.38969260454177856,,,,,,,,,
7,1139,,0.49214380979537964,,,,,,,,
7,1159,,0.3653283715248108,,,,,,,,
7,1179,,0.3642900586128235,,,,,,,,
7,1199,,0.3690583109855652,,,,,,,,
7,1219,,0.4668731689453125,,,,,,,,
7,1239,,0.3195267617702484,,,,,,,,
7,1259,,0.36048153042793274,,,,,,,,
7,1279,,0.3212226927280426,,,,,,,,
7,1287,,,0.6255523562431335,0.41726619005203247,0.6503759622573853,0.5880952477455139,0.5234806537628174,0.9485436677932739,0.6556103229522705,0.766508162021637
7,1287,0.3400703966617584,,,,,,,,,
8,1299,,0.3135945200920105,,,,,,,,
8,1319,,0.3342386484146118,,,,,,,,
8,1339,,0.2669333815574646,,,,,,,,
8,1359,,0.3320479393005371,,,,,,,,
8,1379,,0.26911526918411255,,,,,,,,
8,1399,,0.23445388674736023,,,,,,,,
8,1419,,0.32663634419441223,,,,,,,,
8,1439,,0.30845069885253906,,,,,,,,
8,1448,,,0.7121319770812988,0.5611510872840881,0.8947368264198303,0.5880952477455139,0.6754143834114075,0.84126216173172,0.6942986845970154,0.7587682604789734
8,1448,0.30694347620010376,,,,,,,,,
9,1459,,0.3814043402671814,,,,,,,,
9,1479,,0.2577131390571594,,,,,,,,
9,1499,,0.21173568069934845,,,,,,,,
9,1519,,0.26040586829185486,,,,,,,,
9,1539,,0.29371559619903564,,,,,,,,
9,1559,,0.231206476688385,,,,,,,,
9,1579,,0.2812489867210388,,,,,,,,
9,1599,,0.288607656955719,,,,,,,,
9,1609,,,0.683083176612854,0.6258992552757263,0.6710526347160339,0.48571428656578064,0.7458563446998596,0.8868932127952576,0.6861840486526489,0.7844746112823486
9,1609,0.2746693193912506,,,,,,,,,
10,1619,,0.19604995846748352,,,,,,,,
10,1639,,0.25176024436950684,,,,,,,,
10,1659,,0.29774898290634155,,,,,,,,
10,1679,,0.296877920627594,,,,,,,,
10,1699,,0.18663686513900757,,,,,,,,
10,1719,,0.2358820140361786,,,,,,,,
10,1739,,0.21597899496555328,,,,,,,,
10,1759,,0.2192833572626114,,,,,,,,
10,1770,,,0.6771172285079956,0.41726619005203247,0.8458646535873413,0.5428571701049805,0.669889509677887,0.9097087383270264,0.7020848989486694,0.7224955558776855
10,1770,0.25085100531578064,,,,,,,,,
11,1779,,0.2250637412071228,,,,,,,,
11,1799,,0.21895402669906616,,,,,,,,
11,1819,,0.2244250327348709,,,,,,,,
11,1839,,0.20464223623275757,,,,,,,,
11,1859,,0.2850129008293152,,,,,,,,
11,1879,,0.2181706726551056,,,,,,,,
11,1899,,0.24821965396404266,,,,,,,,
11,1919,,0.3562511205673218,,,,,,,,
11,1931,,,0.680024266242981,0.3956834673881531,0.7875939607620239,0.6357142925262451,0.6685082912445068,0.9126213788986206,0.7031254768371582,0.7175410985946655
11,1931,0.23516662418842316,,,,,,,,,
12,1939,,0.2490900456905365,,,,,,,,
12,1959,,0.19072958827018738,,,,,,,,
12,1979,,0.21494579315185547,,,,,,,,
12,1999,,0.25142744183540344,,,,,,,,
12,2019,,0.17605644464492798,,,,,,,,
12,2039,,0.19531139731407166,,,,,,,,
12,2059,,0.2118697315454483,,,,,,,,
12,2079,,0.1991988867521286,,,,,,,,
12,2092,,,0.7032787799835205,0.4748201370239258,0.7951127886772156,0.6952381134033203,0.6560773253440857,0.8951456546783447,0.7118969559669495,0.7460246086120605
12,2092,0.21990306675434113,,,,,,,,,
13,2099,,0.2057814598083496,,,,,,,,
13,2119,,0.19037270545959473,,,,,,,,
13,2139,,0.19926190376281738,,,,,,,,
13,2159,,0.19041159749031067,,,,,,,,
13,2179,,0.21572762727737427,,,,,,,,
13,2199,,0.2200404703617096,,,,,,,,
13,2219,,0.1783943474292755,,,,,,,,
13,2239,,0.2815626263618469,,,,,,,,
13,2253,,,0.6420934200286865,0.30215826630592346,0.8289473652839661,0.46190476417541504,0.6878452897071838,0.9296116232872009,0.6771154403686523,0.7920262217521667
13,2253,0.2146560698747635,,,,,,,,,
14,2259,,0.23430722951889038,,,,,,,,
14,2279,,0.19790959358215332,,,,,,,,
14,2299,,0.1764202117919922,,,,,,,,
14,2319,,0.20415765047073364,,,,,,,,
14,2339,,0.17540782690048218,,,,,,,,
14,2359,,0.20308461785316467,,,,,,,,
14,2379,,0.19300034642219543,,,,,,,,
14,2399,,0.21271072328090668,,,,,,,,
14,2414,,,0.7024108171463013,0.4676258862018585,0.8684210777282715,0.6690475940704346,0.5773480534553528,0.9296116232872009,0.7143179178237915,0.7348964810371399
14,2414,0.19565913081169128,,,,,,,,,
15,2419,,0.20651553571224213,,,,,,,,
15,2439,,0.18066903948783875,,,,,,,,
15,2459,,0.19364666938781738,,,,,,,,
15,2479,,0.15586958825588226,,,,,,,,
15,2499,,0.20482689142227173,,,,,,,,
15,2519,,0.1804513782262802,,,,,,,,
15,2539,,0.17631664872169495,,,,,,,,
15,2559,,0.22465947270393372,,,,,,,,
15,2575,,,0.6768944263458252,0.4748201370239258,0.896616518497467,0.42619046568870544,0.6616021990776062,0.9252427220344543,0.6914486885070801,0.8010421991348267
15,2575,0.1907893568277359,,,,,,,,,
16,2579,,0.17654670774936676,,,,,,,,
16,2599,,0.16475458443164825,,,,,,,,
16,2619,,0.21106410026550293,,,,,,,,
16,2639,,0.1697225123643875,,,,,,,,
16,2659,,0.18814785778522491,,,,,,,,
16,2679,,0.20862752199172974,,,,,,,,
16,2699,,0.19059808552265167,,,,,,,,
16,2719,,0.1797250509262085,,,,,,,,
16,2736,,,0.7106568217277527,0.49640288949012756,0.8345864415168762,0.5714285969734192,0.7251381278038025,0.9257281422615051,0.7358486652374268,0.709775447845459
16,2736,0.1811223179101944,,,,,,,,,
17,2739,,0.15718036890029907,,,,,,,,
17,2759,,0.17356356978416443,,,,,,,,
17,2779,,0.19015520811080933,,,,,,,,
17,2799,,0.1954377144575119,,,,,,,,
17,2819,,0.22113896906375885,,,,,,,,
17,2839,,0.1606380194425583,,,,,,,,
17,2859,,0.17029757797718048,,,,,,,,
17,2879,,0.19261901080608368,,,,,,,,
17,2897,,,0.6973026990890503,0.38129496574401855,0.9041353464126587,0.6714285612106323,0.6063535809516907,0.9233009815216064,0.7150251865386963,0.7513073682785034
17,2897,0.17776437103748322,,,,,,,,,
18,2899,,0.16126105189323425,,,,,,,,
18,2919,,0.18775494396686554,,,,,,,,
18,2939,,0.16513235867023468,,,,,,,,
18,2959,,0.1581282615661621,,,,,,,,
18,2979,,0.17324291169643402,,,,,,,,
18,2999,,0.1702995002269745,,,,,,,,
18,3019,,0.16858890652656555,,,,,,,,
18,3039,,0.16068269312381744,,,,,,,,
18,3058,,,0.7210572361946106,0.5395683646202087,0.902255654335022,0.6047618985176086,0.6256905794143677,0.933009684085846,0.7376816868782043,0.7162273526191711
18,3058,0.17281556129455566,,,,,,,,,
19,3059,,0.1699698269367218,,,,,,,,
19,3079,,0.1597464680671692,,,,,,,,
19,3099,,0.16827306151390076,,,,,,,,
19,3119,,0.1622893512248993,,,,,,,,
19,3139,,0.1695888787508011,,,,,,,,
19,3159,,0.18385596573352814,,,,,,,,
19,3179,,0.16925765573978424,,,,,,,,
19,3199,,0.1665891408920288,,,,,,,,
19,3219,,0.1643354743719101,,,,,,,,
19,3219,,,0.7136304974555969,0.5107913613319397,0.8646616339683533,0.5809524059295654,0.6767956018447876,0.9349514842033386,0.7368642091751099,0.7086111307144165
19,3219,0.1709069311618805,,,,,,,,,
20,3239,,0.16358709335327148,,,,,,,,
20,3259,,0.16010241210460663,,,,,,,,
20,3279,,0.15429656207561493,,,,,,,,
20,3299,,0.16881686449050903,,,,,,,,
20,3319,,0.15339577198028564,,,,,,,,
20,3339,,0.15684166550636292,,,,,,,,
20,3359,,0.15670445561408997,,,,,,,,
20,3379,,0.15479010343551636,,,,,,,,
20,3380,,,0.7064027786254883,0.49640288949012756,0.8796992301940918,0.49761903285980225,0.7403314709663391,0.9179611802101135,0.7209459543228149,0.7248583436012268
20,3380,0.16071994602680206,,,,,,,,,
21,3399,,0.1523662805557251,,,,,,,,
21,3419,,0.16820967197418213,,,,,,,,
21,3439,,0.15881462395191193,,,,,,,,
21,3459,,0.21396028995513916,,,,,,,,
21,3479,,0.16376784443855286,,,,,,,,
21,3499,,0.15714624524116516,,,,,,,,
21,3519,,0.16079404950141907,,,,,,,,
21,3539,,0.1617865413427353,,,,,,,,
21,3541,,,0.6958541870117188,0.3956834673881531,0.8590225577354431,0.6071428656578064,0.6795580387115479,0.9378640651702881,0.7251076102256775,0.7109355926513672
21,3541,0.16548679769039154,,,,,,,,,
22,3559,,0.16107016801834106,,,,,,,,
22,3579,,0.15155595541000366,,,,,,,,
22,3599,,0.15475307404994965,,,,,,,,
22,3619,,0.15379559993743896,,,,,,,,
22,3639,,0.15408766269683838,,,,,,,,
22,3659,,0.15289165079593658,,,,,,,,
22,3679,,0.16798025369644165,,,,,,,,
22,3699,,0.16138291358947754,,,,,,,,
22,3702,,,0.72564697265625,0.5323740839958191,0.8909774422645569,0.5523809790611267,0.7486187815666199,0.9038835167884827,0.7412455081939697,0.7014702558517456
22,3702,0.1578235626220703,,,,,,,,,
23,3719,,0.15211156010627747,,,,,,,,
23,3739,,0.17010392248630524,,,,,,,,
23,3759,,0.15703371167182922,,,,,,,,
23,3779,,0.15501084923744202,,,,,,,,
23,3799,,0.15774355828762054,,,,,,,,
23,3819,,0.15633174777030945,,,,,,,,
23,3839,,0.15141862630844116,,,,,,,,
23,3859,,0.15141038596630096,,,,,,,,
23,3863,,,0.7022498846054077,0.4100719392299652,0.88345867395401,0.5428571701049805,0.7748618721961975,0.8999999761581421,0.7234479188919067,0.7067872881889343
23,3863,0.15999740362167358,,,,,,,,,
24,3879,,0.15231135487556458,,,,,,,,
24,3899,,0.1494736671447754,,,,,,,,
24,3919,,0.15789401531219482,,,,,,,,
24,3939,,0.15541741251945496,,,,,,,,
24,3959,,0.15747547149658203,,,,,,,,
24,3979,,0.1618114560842514,,,,,,,,
24,3999,,0.1528853327035904,,,,,,,,
24,4019,,0.17537979781627655,,,,,,,,
24,4024,,,0.7177651524543762,0.6115108132362366,0.8139097690582275,0.5571428537368774,0.6616021990776062,0.9446601867675781,0.7376615405082703,0.7131059765815735
24,4024,0.15836632251739502,,,,,,,,,
25,4039,,0.15386219322681427,,,,,,,,
25,4059,,0.15100450813770294,,,,,,,,
25,4079,,0.15536853671073914,,,,,,,,
25,4099,,0.14914202690124512,,,,,,,,
25,4119,,0.14949676394462585,,,,,,,,
25,4139,,0.15302255749702454,,,,,,,,
25,4159,,0.1515432894229889,,,,,,,,
25,4179,,0.15525545179843903,,,,,,,,
25,4185,,,0.716995358467102,0.49640288949012756,0.8928571343421936,0.5595238208770752,0.7182320356369019,0.9179611802101135,0.7346428036689758,0.6937368512153625
25,4185,0.15367156267166138,,,,,,,,,
26,4199,,0.15271249413490295,,,,,,,,
26,4219,,0.15123558044433594,,,,,,,,
26,4239,,0.1499529480934143,,,,,,,,
26,4259,,0.14825768768787384,,,,,,,,
26,4279,,0.15113693475723267,,,,,,,,
26,4299,,0.14905378222465515,,,,,,,,
26,4319,,0.15077385306358337,,,,,,,,
26,4339,,0.15068596601486206,,,,,,,,
26,4346,,,0.7319291830062866,0.5467625856399536,0.8890977501869202,0.5833333134651184,0.7113259434700012,0.9291262030601501,0.7521060109138489,0.6801750063896179
26,4346,0.15179705619812012,,,,,,,,,
27,4359,,0.14864514768123627,,,,,,,,
27,4379,,0.176749587059021,,,,,,,,
27,4399,,0.15467524528503418,,,,,,,,
27,4419,,0.1485162079334259,,,,,,,,
27,4439,,0.1488567739725113,,,,,,,,
27,4459,,0.1498960256576538,,,,,,,,
27,4479,,0.15358108282089233,,,,,,,,
27,4499,,0.15293191373348236,,,,,,,,
27,4507,,,0.7232710123062134,0.5395683646202087,0.8740601539611816,0.5642856955528259,0.6947513818740845,0.9436893463134766,0.7507107257843018,0.679950475692749
27,4507,0.15189626812934875,,,,,,,,,
28,4519,,0.17847013473510742,,,,,,,,
28,4539,,0.1501670926809311,,,,,,,,
28,4559,,0.14896376430988312,,,,,,,,
28,4579,,0.15005336701869965,,,,,,,,
28,4599,,0.14848653972148895,,,,,,,,
28,4619,,0.15116794407367706,,,,,,,,
28,4639,,0.14981995522975922,,,,,,,,
28,4659,,0.14902852475643158,,,,,,,,
28,4668,,,0.7137970924377441,0.49640288949012756,0.8627819418907166,0.5476190447807312,0.7223756909370422,0.939805805683136,0.7415356636047363,0.6750199198722839
28,4668,0.15023204684257507,,,,,,,,,
29,4679,,0.14861102402210236,,,,,,,,
29,4699,,0.15564242005348206,,,,,,,,
29,4719,,0.150564044713974,,,,,,,,
29,4739,,0.153394877910614,,,,,,,,
29,4759,,0.14945974946022034,,,,,,,,
29,4779,,0.149368554353714,,,,,,,,
29,4799,,0.1484786421060562,,,,,,,,
29,4819,,0.14959311485290527,,,,,,,,
29,4829,,,0.7244390845298767,0.5323740839958191,0.8703007698059082,0.5761904716491699,0.7030386924743652,0.9402912855148315,0.7508472204208374,0.6743112802505493
29,4829,0.1502496600151062,,,,,,,,,
30,4839,,0.14848428964614868,,,,,,,,
30,4859,,0.1490221619606018,,,,,,,,
30,4879,,0.14819622039794922,,,,,,,,
30,4899,,0.14881008863449097,,,,,,,,
30,4919,,0.15401394665241241,,,,,,,,
30,4939,,0.14905621111392975,,,,,,,,
30,4959,,0.14949336647987366,,,,,,,,
30,4979,,0.1501183658838272,,,,,,,,
30,4990,,,0.7163773775100708,0.48201438784599304,0.8721804618835449,0.5880952477455139,0.700276255607605,0.9393203854560852,0.7449941635131836,0.6745577454566956
30,4990,0.14938931167125702,,,,,,,,,
31,4999,,0.1477932184934616,,,,,,,,
31,5019,,0.149395152926445,,,,,,,,
31,5039,,0.14855805039405823,,,,,,,,
31,5059,,0.14788055419921875,,,,,,,,
31,5079,,0.14937148988246918,,,,,,,,
31,5099,,0.14979411661624908,,,,,,,,
31,5119,,0.14871609210968018,,,,,,,,
31,5139,,0.14823736250400543,,,,,,,,
31,5151,,,0.7221077680587769,0.49640288949012756,0.8515037298202515,0.6095238327980042,0.719613254070282,0.9334951639175415,0.7481970191001892,0.6689884662628174
31,5151,0.14900189638137817,,,,,,,,,
32,5159,,0.14753825962543488,,,,,,,,
32,5179,,0.14913120865821838,,,,,,,,
32,5199,,0.14767098426818848,,,,,,,,
32,5219,,0.15504546463489532,,,,,,,,
32,5239,,0.15023335814476013,,,,,,,,
32,5259,,0.1479538381099701,,,,,,,,
32,5279,,0.14795884490013123,,,,,,,,
32,5299,,0.14808182418346405,,,,,,,,
32,5312,,,0.7193148136138916,0.49640288949012756,0.8703007698059082,0.5952380895614624,0.6933701634407043,0.9412621259689331,0.7466647028923035,0.6722162961959839
32,5312,0.14887654781341553,,,,,,,,,
33,5319,,0.14769324660301208,,,,,,,,
33,5339,,0.1481882929801941,,,,,,,,
33,5359,,0.14890316128730774,,,,,,,,
33,5379,,0.1479581743478775,,,,,,,,
33,5399,,0.14793984591960907,,,,,,,,
33,5419,,0.1500042974948883,,,,,,,,
33,5439,,0.14838498830795288,,,,,,,,
33,5459,,0.14788183569908142,,,,,,,,
33,5473,,,0.7208579778671265,0.4892086386680603,0.8627819418907166,0.5857142806053162,0.730663001537323,0.9359223246574402,0.7480654716491699,0.6733770966529846
33,5473,0.1487153023481369,,,,,,,,,
34,5479,,0.14747804403305054,,,,,,,,
34,5499,,0.14809183776378632,,,,,,,,
34,5519,,0.14874079823493958,,,,,,,,
34,5539,,0.14873212575912476,,,,,,,,
34,5559,,0.14987099170684814,,,,,,,,
34,5579,,0.148197203874588,,,,,,,,
34,5599,,0.15039196610450745,,,,,,,,
34,5619,,0.14878202974796295,,,,,,,,
34,5634,,,0.7234485149383545,0.5179855823516846,0.8609022498130798,0.5809524059295654,0.7209944725036621,0.936407744884491,0.7485171556472778,0.6681402325630188
34,5634,0.14855343103408813,,,,,,,,,
35,5639,,0.14823821187019348,,,,,,,,
35,5659,,0.14873704314231873,,,,,,,,
35,5679,,0.148223415017128,,,,,,,,
35,5699,,0.14804895222187042,,,,,,,,
35,5719,,0.14859038591384888,,,,,,,,
35,5739,,0.14804105460643768,,,,,,,,
35,5759,,0.1478549987077713,,,,,,,,
35,5779,,0.14892266690731049,,,,,,,,
35,5795,,,0.7374374866485596,0.5251798629760742,0.8928571343421936,0.6357142925262451,0.6975138187408447,0.9359223246574402,0.7588351964950562,0.66004478931427
35,5795,0.14851981401443481,,,,,,,,,
36,5799,,0.14872971177101135,,,,,,,,
36,5819,,0.1486613154411316,,,,,,,,
36,5839,,0.14747364819049835,,,,,,,,
36,5859,,0.15225312113761902,,,,,,,,
36,5879,,0.14763563871383667,,,,,,,,
36,5899,,0.14822664856910706,,,,,,,,
36,5919,,0.14846907556056976,,,,,,,,
36,5939,,0.1518142968416214,,,,,,,,
36,5956,,,0.7262301445007324,0.5251798629760742,0.86654132604599,0.5833333134651184,0.7182320356369019,0.9378640651702881,0.752752423286438,0.6683057546615601
36,5956,0.14847758412361145,,,,,,,,,
37,5959,,0.14758485555648804,,,,,,,,
37,5979,,0.14742523431777954,,,,,,,,
37,5999,,0.14848583936691284,,,,,,,,
37,6019,,0.14753730595111847,,,,,,,,
37,6039,,0.14788223803043365,,,,,,,,
37,6059,,0.14737871289253235,,,,,,,,
37,6079,,0.14803363382816315,,,,,,,,
37,6099,,0.15073104202747345,,,,,,,,
37,6117,,,0.7265468239784241,0.5323740839958191,0.853383481502533,0.5928571224212646,0.7099447250366211,0.9441747665405273,0.7546359300613403,0.6670322418212891
37,6117,0.14831560850143433,,,,,,,,,
38,6119,,0.15024293959140778,,,,,,,,
38,6139,,0.14859557151794434,,,,,,,,
38,6159,,0.14773768186569214,,,,,,,,
38,6179,,0.14828374981880188,,,,,,,,
38,6199,,0.1473345011472702,,,,,,,,
38,6219,,0.14919082820415497,,,,,,,,
38,6239,,0.14797447621822357,,,,,,,,
38,6259,,0.147955521941185,,,,,,,,
38,6278,,,0.7248930335044861,0.49640288949012756,0.8646616339683533,0.6142857074737549,0.7127071619033813,0.936407744884491,0.7497371435165405,0.6620874404907227
38,6278,0.14850212633609772,,,,,,,,,
39,6279,,0.14752396941184998,,,,,,,,
39,6299,,0.1480707824230194,,,,,,,,
39,6319,,0.15008991956710815,,,,,,,,
39,6339,,0.1476767361164093,,,,,,,,
39,6359,,0.1495460420846939,,,,,,,,
39,6379,,0.14780740439891815,,,,,,,,
39,6399,,0.1495809555053711,,,,,,,,
39,6419,,0.14790993928909302,,,,,,,,
39,6439,,0.14988864958286285,,,,,,,,
39,6439,,,0.7287594676017761,0.5107913613319397,0.8609022498130798,0.6238095164299011,0.7099447250366211,0.9383494853973389,0.7544647455215454,0.662006676197052
39,6439,0.14838266372680664,,,,,,,,,
