epoch,step,train/loss_epoch,train/loss_step,val/acc,val/loss
0,19,,1.5600814819335938,,
0,39,,1.6761703491210938,,
0,59,,1.4937973022460938,,
0,79,,1.2766342163085938,,
0,99,,1.47308349609375,,
0,119,,1.356781005859375,,
0,139,,1.3038253784179688,,
0,159,,1.118408203125,,
0,179,,1.172271728515625,,
0,199,,1.111663818359375,,
0,219,,1.0963554382324219,,
0,239,,0.9987869262695312,,
0,259,,1.28173828125,,
0,279,,1.17828369140625,,
0,299,,1.0455169677734375,,
0,319,,1.3418235778808594,,
0,339,,1.2568778991699219,,
0,359,,1.3591423034667969,,
0,379,,1.2415885925292969,,
0,399,,0.9757270812988281,,
0,419,,1.1503543853759766,,
0,439,,0.9270782470703125,,
0,459,,1.1425018310546875,,
0,479,,1.2702674865722656,,
0,495,,,0.44874632358551025,1.033445954322815
0,495,1.250917911529541,,,
1,499,,1.1379814147949219,,
1,519,,1.0744552612304688,,
1,539,,1.0542716979980469,,
1,559,,1.090139389038086,,
1,579,,0.9202766418457031,,
1,599,,1.1323890686035156,,
1,619,,1.0458564758300781,,
1,639,,1.3693561553955078,,
1,659,,1.2081871032714844,,
1,679,,1.318807601928711,,
1,699,,1.0330848693847656,,
1,719,,0.9098968505859375,,
1,739,,0.7830123901367188,,
1,759,,1.1356773376464844,,
1,779,,1.0001945495605469,,
1,799,,1.140625,,
1,819,,1.210744857788086,,
1,839,,0.9722709655761719,,
1,859,,1.0828666687011719,,
1,879,,1.0026359558105469,,
1,899,,0.8133087158203125,,
1,919,,0.8124828338623047,,
1,939,,0.6772823333740234,,
1,959,,0.8416748046875,,
1,979,,1.2217674255371094,,
1,991,,,0.45354124903678894,0.8961408138275146
1,991,1.0237796306610107,,,
2,999,,0.9954643249511719,,
2,1019,,0.7716865539550781,,
2,1039,,0.7746315002441406,,
2,1059,,0.9085597991943359,,
2,1079,,1.00360107421875,,
2,1099,,1.0576057434082031,,
2,1119,,0.8486251831054688,,
2,1139,,0.9422702789306641,,
2,1159,,1.0641345977783203,,
2,1179,,1.0025224685668945,,
2,1199,,0.8199634552001953,,
2,1219,,0.8765678405761719,,
2,1239,,0.9092693328857422,,
2,1259,,1.0465145111083984,,
2,1279,,1.0738544464111328,,
2,1299,,0.7271289825439453,,
2,1319,,0.866851806640625,,
2,1339,,0.9790496826171875,,
2,1359,,0.9175910949707031,,
2,1379,,0.8013954162597656,,
2,1399,,0.8436403274536133,,
2,1419,,0.8042411804199219,,
2,1439,,0.9668197631835938,,
2,1459,,1.0604801177978516,,
2,1479,,0.5497837066650391,,
2,1487,,,0.5032446384429932,0.8233370780944824
2,1487,0.919099748134613,,,
3,1499,,0.8061294555664062,,
3,1519,,0.8645601272583008,,
3,1539,,0.7191123962402344,,
3,1559,,0.6825847625732422,,
3,1579,,0.8178195953369141,,
3,1599,,0.8054542541503906,,
3,1619,,0.8992652893066406,,
3,1639,,0.7561559677124023,,
3,1659,,0.7873620986938477,,
3,1679,,0.9041481018066406,,
3,1699,,0.8164577484130859,,
3,1719,,0.8700504302978516,,
3,1739,,0.7049236297607422,,
3,1759,,0.9812889099121094,,
3,1779,,0.9050111770629883,,
3,1799,,0.8375205993652344,,
3,1819,,1.0315532684326172,,
3,1839,,0.6477527618408203,,
3,1859,,0.746246337890625,,
3,1879,,0.7330026626586914,,
3,1899,,0.6375331878662109,,
3,1919,,1.0881214141845703,,
3,1939,,0.9227590560913086,,
3,1959,,0.8826236724853516,,
3,1979,,0.6255397796630859,,
3,1983,,,0.5396729707717896,0.7937090992927551
3,1983,0.834099531173706,,,
4,1999,,0.6584568023681641,,
4,2019,,0.8545246124267578,,
4,2039,,0.7372865676879883,,
4,2059,,0.7787132263183594,,
4,2079,,0.6097297668457031,,
4,2099,,0.9007043838500977,,
4,2119,,0.5168848037719727,,
4,2139,,0.7228469848632812,,
4,2159,,0.6128978729248047,,
4,2179,,0.664952278137207,,
4,2199,,0.5131263732910156,,
4,2219,,0.5681076049804688,,
4,2239,,0.70068359375,,
4,2259,,0.7689929008483887,,
4,2279,,0.7902970314025879,,
4,2299,,1.0054121017456055,,
4,2319,,0.6487064361572266,,
4,2339,,0.6669259071350098,,
4,2359,,0.6733083724975586,,
4,2379,,0.7124538421630859,,
4,2399,,0.7421255111694336,,
4,2419,,0.873992919921875,,
4,2439,,0.6024866104125977,,
4,2459,,0.5210275650024414,,
4,2479,,0.8271522521972656,,
4,2479,,,0.5507594347000122,0.7543367147445679
4,2479,0.7706890106201172,,,
5,2499,,0.6383962631225586,,
5,2519,,0.5803117752075195,,
5,2539,,0.7164373397827148,,
5,2559,,0.767634391784668,,
5,2579,,0.5171871185302734,,
5,2599,,0.620213508605957,,
5,2619,,0.6670145988464355,,
5,2639,,0.6933584213256836,,
5,2659,,0.7515249252319336,,
5,2679,,0.6874442100524902,,
5,2699,,0.9333457946777344,,
5,2719,,0.9705705642700195,,
5,2739,,0.6558408737182617,,
5,2759,,1.0289297103881836,,
5,2779,,0.6747298240661621,,
5,2799,,0.5254569053649902,,
5,2819,,0.796961784362793,,
5,2839,,0.8207144737243652,,
5,2859,,0.57183837890625,,
5,2879,,0.6397914886474609,,
5,2899,,1.0726103782653809,,
5,2919,,0.8899126052856445,,
5,2939,,0.4013833999633789,,
5,2959,,1.1714816093444824,,
5,2975,,,0.5523155927658081,0.7438685894012451
5,2975,0.7213796973228455,,,
6,2979,,0.6027326583862305,,
6,2999,,0.5872869491577148,,
6,3019,,0.49883508682250977,,
6,3039,,0.5250101089477539,,
6,3059,,0.8577337265014648,,
6,3079,,0.5940189361572266,,
6,3099,,0.7989339828491211,,
6,3119,,0.6331610679626465,,
6,3139,,0.6626691818237305,,
6,3159,,0.6143233776092529,,
6,3179,,0.7257907390594482,,
6,3199,,0.8301219940185547,,
6,3219,,0.5176587104797363,,
6,3239,,0.7938957214355469,,
6,3259,,0.6035680770874023,,
6,3279,,0.4657707214355469,,
6,3299,,0.6423830986022949,,
6,3319,,0.4273414611816406,,
6,3339,,0.7524986267089844,,
6,3359,,0.6211047172546387,,
6,3379,,0.7176542282104492,,
6,3399,,0.5642185211181641,,
6,3419,,0.8653984069824219,,
6,3439,,0.801149845123291,,
6,3459,,0.7000575065612793,,
6,3471,,,0.592348575592041,0.7017992734909058
6,3471,0.6655843257904053,,,
7,3479,,0.44177913665771484,,
7,3499,,0.5706913471221924,,
7,3519,,0.6399083137512207,,
7,3539,,0.6492586135864258,,
7,3559,,0.3671947717666626,,
7,3579,,0.7195453643798828,,
7,3599,,0.3438758850097656,,
7,3619,,0.5200743675231934,,
7,3639,,0.5643520355224609,,
7,3659,,0.5088748931884766,,
7,3679,,0.5772600173950195,,
7,3699,,0.5140008926391602,,
7,3719,,0.4872589111328125,,
7,3739,,0.46320247650146484,,
7,3759,,0.5718159675598145,,
7,3779,,0.5773725509643555,,
7,3799,,0.8389010429382324,,
7,3819,,0.48126840591430664,,
7,3839,,0.4876132011413574,,
7,3859,,0.7043619155883789,,
7,3879,,0.731605052947998,,
7,3899,,0.7912037372589111,,
7,3919,,0.5511317253112793,,
7,3939,,0.5969171524047852,,
7,3959,,0.78499436378479,,
7,3967,,,0.5916857719421387,0.6846172213554382
7,3967,0.622438907623291,,,
8,3979,,0.4756183624267578,,
8,3999,,0.7883448600769043,,
8,4019,,0.5058128833770752,,
8,4039,,0.5254902839660645,,
8,4059,,0.37268543243408203,,
8,4079,,0.5526227951049805,,
8,4099,,0.6782195568084717,,
8,4119,,0.34493327140808105,,
8,4139,,0.6622066497802734,,
8,4159,,0.4595932960510254,,
8,4179,,0.5374546051025391,,
8,4199,,0.396168053150177,,
8,4219,,0.7432785034179688,,
8,4239,,0.7292466163635254,,
8,4259,,0.5064883232116699,,
8,4279,,0.37356090545654297,,
8,4299,,0.6814148426055908,,
8,4319,,0.4604182243347168,,
8,4339,,0.8312282562255859,,
8,4359,,0.7152619361877441,,
8,4379,,0.5229634046554565,,
8,4399,,0.8726820945739746,,
8,4419,,0.8996338844299316,,
8,4439,,0.5532522201538086,,
8,4459,,0.4674149751663208,,
8,4463,,,0.6003443002700806,0.6651514768600464
8,4463,0.5872466564178467,,,
9,4479,,0.6224198341369629,,
9,4499,,0.6056032180786133,,
9,4519,,0.46469688415527344,,
9,4539,,0.6474320888519287,,
9,4559,,0.6711254119873047,,
9,4579,,0.6982941627502441,,
9,4599,,0.4838709831237793,,
9,4619,,0.4813051223754883,,
9,4639,,0.8335263729095459,,
9,4659,,0.4526662826538086,,
9,4679,,0.4837770462036133,,
9,4699,,0.502356767654419,,
9,4719,,0.6681571006774902,,
9,4739,,0.46344542503356934,,
9,4759,,0.7590937614440918,,
9,4779,,0.4297933578491211,,
9,4799,,0.473374605178833,,
9,4819,,0.356762170791626,,
9,4839,,0.3657795190811157,,
9,4859,,0.6645746231079102,,
9,4879,,0.5817906856536865,,
9,4899,,0.3721799850463867,,
9,4919,,0.45317935943603516,,
9,4939,,0.6570653915405273,,
9,4959,,0.4895792007446289,,
9,4959,,,0.5982298851013184,0.6700875759124756
9,4959,0.5454921722412109,,,
10,4979,,0.5562114715576172,,
10,4999,,0.5692039728164673,,
10,5019,,0.437147855758667,,
10,5039,,0.5838220119476318,,
10,5059,,0.6655842065811157,,
10,5079,,0.3599056005477905,,
10,5099,,0.4017106890678406,,
10,5119,,0.6442427635192871,,
10,5139,,0.31227779388427734,,
10,5159,,0.4637410640716553,,
10,5179,,0.45113515853881836,,
10,5199,,0.5983160734176636,,
10,5219,,0.6997208595275879,,
10,5239,,0.4373493194580078,,
10,5259,,0.5285835266113281,,
10,5279,,0.8983168601989746,,
10,5299,,0.2519106864929199,,
10,5319,,0.5345392227172852,,
10,5339,,0.2940831184387207,,
10,5359,,0.33075809478759766,,
10,5379,,0.4124011993408203,,
10,5399,,0.5927785634994507,,
10,5419,,0.32312774658203125,,
10,5439,,0.43470966815948486,,
10,5455,,,0.6167301535606384,0.6723906397819519
10,5455,0.5115691423416138,,,
11,5459,,0.3819838762283325,,
11,5479,,0.34662771224975586,,
11,5499,,0.3929708003997803,,
11,5519,,0.4683361053466797,,
11,5539,,0.48029637336730957,,
11,5559,,0.41033291816711426,,
11,5579,,0.42152655124664307,,
11,5599,,0.5609126091003418,,
11,5619,,0.599726676940918,,
11,5639,,0.5363729000091553,,
11,5659,,0.5678713321685791,,
11,5679,,0.47859716415405273,,
11,5699,,0.4431726932525635,,
11,5719,,0.3914187550544739,,
11,5739,,0.3940073251724243,,
11,5759,,0.46052277088165283,,
11,5779,,0.2124631404876709,,
11,5799,,0.5703388452529907,,
11,5819,,0.45027661323547363,,
11,5839,,0.5863577127456665,,
11,5859,,0.6865494251251221,,
11,5879,,0.3981550931930542,,
11,5899,,0.4690098762512207,,
11,5919,,0.5798346996307373,,
11,5939,,0.5425574779510498,,
11,5951,,,0.6265048980712891,0.6462156176567078
11,5951,0.47720083594322205,,,
12,5959,,0.40900111198425293,,
12,5979,,0.3778045177459717,,
12,5999,,0.3912692070007324,,
12,6019,,0.3000171184539795,,
12,6039,,0.495479941368103,,
12,6059,,0.2989770174026489,,
12,6079,,0.2627403736114502,,
12,6099,,0.3567640781402588,,
12,6119,,0.3864555358886719,,
12,6139,,0.45540106296539307,,
12,6159,,0.4435110092163086,,
12,6179,,0.4320800304412842,,
12,6199,,0.3066037893295288,,
12,6219,,0.6045968532562256,,
12,6239,,0.3410964012145996,,
12,6259,,0.3517038822174072,,
12,6279,,0.6728271245956421,,
12,6299,,0.4771242141723633,,
12,6319,,0.3472890853881836,,
12,6339,,0.37658631801605225,,
12,6359,,0.6248252391815186,,
12,6379,,0.379475474357605,,
12,6399,,0.33084261417388916,,
12,6419,,0.6392836570739746,,
12,6439,,0.5856120586395264,,
12,6447,,,0.6155209541320801,0.6487861275672913
12,6447,0.4485151469707489,,,
13,6459,,0.34043049812316895,,
13,6479,,0.5455264449119568,,
13,6499,,0.5556079149246216,,
13,6519,,0.1615772247314453,,
13,6539,,0.3536503314971924,,
13,6559,,0.35912585258483887,,
13,6579,,0.5649377107620239,,
13,6599,,0.4533032178878784,,
13,6619,,0.41181957721710205,,
13,6639,,0.4436454772949219,,
13,6659,,0.5782738924026489,,
13,6679,,0.4331144094467163,,
13,6699,,0.428031861782074,,
13,6719,,0.5170354843139648,,
13,6739,,0.5063178539276123,,
13,6759,,0.4765881299972534,,
13,6779,,0.5803312063217163,,
13,6799,,0.48302894830703735,,
13,6819,,0.15694913268089294,,
13,6839,,0.2691960334777832,,
13,6859,,0.4852496385574341,,
13,6879,,0.1491532325744629,,
13,6899,,0.22340846061706543,,
13,6919,,0.2527199983596802,,
13,6939,,0.33707690238952637,,
13,6943,,,0.6320388317108154,0.6763706207275391
13,6943,0.41023945808410645,,,
14,6959,,0.18987052142620087,,
14,6979,,0.48644548654556274,,
14,6999,,0.40423715114593506,,
14,7019,,0.48495709896087646,,
14,7039,,0.3174806237220764,,
14,7059,,0.5065052509307861,,
14,7079,,0.21079730987548828,,
14,7099,,0.272766649723053,,
14,7119,,0.44863367080688477,,
14,7139,,0.33308160305023193,,
14,7159,,0.3092536926269531,,
14,7179,,0.30802953243255615,,
14,7199,,0.421730101108551,,
14,7219,,0.29501163959503174,,
14,7239,,0.628209114074707,,
14,7259,,0.1806793212890625,,
14,7279,,0.6217790842056274,,
14,7299,,0.44030556082725525,,
14,7319,,0.6080271601676941,,
14,7339,,0.6444845199584961,,
14,7359,,0.3689844608306885,,
14,7379,,0.5742908120155334,,
14,7399,,0.35915225744247437,,
14,7419,,0.4460994005203247,,
14,7439,,0.4627993106842041,,
14,7439,,,0.6391950845718384,0.660500705242157
14,7439,0.392496794462204,,,
15,7459,,0.22209692001342773,,
15,7479,,0.38888418674468994,,
15,7499,,0.5168055295944214,,
15,7519,,0.3190445899963379,,
15,7539,,0.4583609402179718,,
15,7559,,0.24330997467041016,,
15,7579,,0.22543513774871826,,
15,7599,,0.323696106672287,,
15,7619,,0.5123770833015442,,
15,7639,,0.47462862730026245,,
15,7659,,0.1915544867515564,,
15,7679,,0.4530866742134094,,
15,7699,,0.4145442247390747,,
15,7719,,0.41402292251586914,,
15,7739,,0.2989806532859802,,
15,7759,,0.40922796726226807,,
15,7779,,0.18771696090698242,,
15,7799,,0.38218164443969727,,
15,7819,,0.1569080948829651,,
15,7839,,0.22868406772613525,,
15,7859,,0.5108873248100281,,
15,7879,,0.2685199975967407,,
15,7899,,0.24422307312488556,,
15,7919,,0.29086369276046753,,
15,7935,,,0.6446285247802734,0.6609916687011719
15,7935,0.3669220209121704,,,
16,7939,,0.3096413016319275,,
16,7959,,0.42684727907180786,,
16,7979,,0.43909674882888794,,
16,7999,,0.3803381621837616,,
16,8019,,0.1637614369392395,,
16,8039,,0.21423649787902832,,
16,8059,,0.4819997549057007,,
16,8079,,0.4195851683616638,,
16,8099,,0.28658610582351685,,
16,8119,,0.365233838558197,,
16,8139,,0.29514408111572266,,
16,8159,,0.2464103102684021,,
16,8179,,0.3850443363189697,,
16,8199,,0.25500786304473877,,
16,8219,,0.3737106919288635,,
16,8239,,0.22178888320922852,,
16,8259,,0.2891329526901245,,
16,8279,,0.5193288326263428,,
16,8299,,0.19007301330566406,,
16,8319,,0.2916800379753113,,
16,8339,,0.2149524688720703,,
16,8359,,0.42173823714256287,,
16,8379,,0.34675678610801697,,
16,8399,,0.2676429748535156,,
16,8419,,0.4307325482368469,,
16,8431,,,0.6461499929428101,0.6635458469390869
16,8431,0.34521350264549255,,,
17,8439,,0.39954328536987305,,
17,8459,,0.43328094482421875,,
17,8479,,0.39000293612480164,,
17,8499,,0.36578577756881714,,
17,8519,,0.21270060539245605,,
17,8539,,0.12448269128799438,,
17,8559,,0.4662173390388489,,
17,8579,,0.34225568175315857,,
17,8599,,0.5936180949211121,,
17,8619,,0.16323429346084595,,
17,8639,,0.416405588388443,,
17,8659,,0.1425108015537262,,
17,8679,,0.23899808526039124,,
17,8699,,0.45359328389167786,,
17,8719,,0.39104098081588745,,
17,8739,,0.45930397510528564,,
17,8759,,0.33832821249961853,,
17,8779,,0.2820190191268921,,
17,8799,,0.1639840006828308,,
17,8819,,0.4102533161640167,,
17,8839,,0.38048768043518066,,
17,8859,,0.25453662872314453,,
17,8879,,0.2089112401008606,,
17,8899,,0.5713307857513428,,
17,8919,,0.126176118850708,,
17,8927,,,0.6426701545715332,0.6496590375900269
17,8927,0.3186838626861572,,,
18,8939,,0.2509657144546509,,
18,8959,,0.10906654596328735,,
18,8979,,0.2942964434623718,,
18,8999,,0.3816733956336975,,
18,9019,,0.21631887555122375,,
18,9039,,0.24425417184829712,,
18,9059,,0.3152015209197998,,
18,9079,,0.4100925326347351,,
18,9099,,0.2867482900619507,,
18,9119,,0.2631947994232178,,
18,9139,,0.29220426082611084,,
18,9159,,0.3837907910346985,,
18,9179,,0.30488836765289307,,
18,9199,,0.28438234329223633,,
18,9219,,0.35937708616256714,,
18,9239,,0.26446038484573364,,
18,9259,,0.18616175651550293,,
18,9279,,0.3387681245803833,,
18,9299,,0.23280805349349976,,
18,9319,,0.2923581004142761,,
18,9339,,0.5819798707962036,,
18,9359,,0.29319870471954346,,
18,9379,,0.1393309086561203,,
18,9399,,0.380596399307251,,
18,9419,,0.1832691729068756,,
18,9423,,,0.6476349830627441,0.6715442538261414
18,9423,0.29056137800216675,,,
19,9439,,0.25689342617988586,,
19,9459,,0.3690621256828308,,
19,9479,,0.21764448285102844,,
19,9499,,0.08095204830169678,,
19,9519,,0.2136979103088379,,
19,9539,,0.6757791638374329,,
19,9559,,0.37544259428977966,,
19,9579,,0.36967241764068604,,
19,9599,,0.35192281007766724,,
19,9619,,0.18496465682983398,,
19,9639,,0.4066520929336548,,
19,9659,,0.26687487959861755,,
19,9679,,0.21439719200134277,,
19,9699,,0.2700348198413849,,
19,9719,,0.17831450700759888,,
19,9739,,0.19891119003295898,,
19,9759,,0.14391055703163147,,
19,9779,,0.33896103501319885,,
19,9799,,0.15006870031356812,,
19,9819,,0.2905120849609375,,
19,9839,,0.2619348168373108,,
19,9859,,0.3141537308692932,,
19,9879,,0.09813714027404785,,
19,9899,,0.22938281297683716,,
19,9919,,0.33036357164382935,,
19,9919,,,0.6509815454483032,0.6590201258659363
19,9919,0.2854374349117279,,,
20,9939,,0.35557931661605835,,
20,9959,,0.32781025767326355,,
20,9979,,0.29573875665664673,,
20,9999,,0.2105715274810791,,
20,10019,,0.23368793725967407,,
20,10039,,0.3583972156047821,,
20,10059,,0.2927856743335724,,
20,10079,,0.2828856408596039,,
20,10099,,0.48051464557647705,,
20,10119,,0.34304216504096985,,
20,10139,,0.16990399360656738,,
20,10159,,0.552043616771698,,
20,10179,,0.15417364239692688,,
20,10199,,0.21393966674804688,,
20,10219,,0.2248641550540924,,
20,10239,,0.1102016270160675,,
20,10259,,0.20496919751167297,,
20,10279,,0.2577674984931946,,
20,10299,,0.39741331338882446,,
20,10319,,0.07469916343688965,,
20,10339,,0.2736412286758423,,
20,10359,,0.21569138765335083,,
20,10379,,0.24223406612873077,,
20,10399,,0.11583752185106277,,
20,10415,,,0.6469334363937378,0.6867777705192566
20,10415,0.2626899182796478,,,
21,10419,,0.14991560578346252,,
21,10439,,0.1494012475013733,,
21,10459,,0.3006918430328369,,
21,10479,,0.2264389991760254,,
21,10499,,0.2033463418483734,,
21,10519,,0.2744036912918091,,
21,10539,,0.15110522508621216,,
21,10559,,0.239539235830307,,
21,10579,,0.15004625916481018,,
21,10599,,0.16355037689208984,,
21,10619,,0.19817230105400085,,
21,10639,,0.27102118730545044,,
21,10659,,0.2417459785938263,,
21,10679,,0.25797224044799805,,
21,10699,,0.18387067317962646,,
21,10719,,0.3531275689601898,,
21,10739,,0.15522147715091705,,
21,10759,,0.3808313310146332,,
21,10779,,0.4399949908256531,,
21,10799,,0.5654959678649902,,
21,10819,,0.2120532989501953,,
21,10839,,0.2473253309726715,,
21,10859,,0.23968233168125153,,
21,10879,,0.38279950618743896,,
21,10899,,0.2441510260105133,,
21,10911,,,0.6602230072021484,0.6876087784767151
21,10911,0.25272470712661743,,,
22,10919,,0.11947448551654816,,
22,10939,,0.09428800642490387,,
22,10959,,0.10531264543533325,,
22,10979,,0.1803174912929535,,
22,10999,,0.4109039902687073,,
22,11019,,0.4284043312072754,,
22,11039,,0.35391169786453247,,
22,11059,,0.09009355306625366,,
22,11079,,0.15563738346099854,,
22,11099,,0.3306920528411865,,
22,11119,,0.4475184381008148,,
22,11139,,0.15783244371414185,,
22,11159,,0.17909541726112366,,
22,11179,,0.39777666330337524,,
22,11199,,0.2850453853607178,,
22,11219,,0.27294594049453735,,
22,11239,,0.4171946942806244,,
22,11259,,0.2637576460838318,,
22,11279,,0.1421569585800171,,
22,11299,,0.4146880805492401,,
22,11319,,0.13429774343967438,,
22,11339,,0.33763816952705383,,
22,11359,,0.250725656747818,,
22,11379,,0.3435937166213989,,
22,11399,,0.16853490471839905,,
22,11407,,,0.6616325378417969,0.6789406538009644
22,11407,0.2407713383436203,,,
23,11419,,0.18825799226760864,,
23,11439,,0.33955538272857666,,
23,11459,,0.2258678823709488,,
23,11479,,0.07650220394134521,,
23,11499,,0.10862062871456146,,
23,11519,,0.38080307841300964,,
23,11539,,0.0830640196800232,,
23,11559,,0.14200301468372345,,
23,11579,,0.1900632530450821,,
23,11599,,0.2834826111793518,,
23,11619,,0.41849660873413086,,
23,11639,,0.11937156319618225,,
23,11659,,0.13459673523902893,,
23,11679,,0.13729029893875122,,
23,11699,,0.318168044090271,,
23,11719,,0.10857219994068146,,
23,11739,,0.20473214983940125,,
23,11759,,0.2775382995605469,,
23,11779,,0.23154208064079285,,
23,11799,,0.5875257849693298,,
23,11819,,0.39452970027923584,,
23,11839,,0.3351610600948334,,
23,11859,,0.14737586677074432,,
23,11879,,0.30294424295425415,,
23,11899,,0.23570016026496887,,
23,11903,,,0.6861472725868225,0.6623256206512451
23,11903,0.21960879862308502,,,
24,11919,,0.050613269209861755,,
24,11939,,0.10697780549526215,,
24,11959,,0.1733221709728241,,
24,11979,,0.6100155115127563,,
24,11999,,0.0718783438205719,,
24,12019,,0.1538330316543579,,
24,12039,,0.4296591281890869,,
24,12059,,0.12086060643196106,,
24,12079,,0.07259047031402588,,
24,12099,,0.30427977442741394,,
24,12119,,0.2516497075557709,,
24,12139,,0.11774604022502899,,
24,12159,,0.18811488151550293,,
24,12179,,0.26089030504226685,,
24,12199,,0.33540716767311096,,
24,12219,,0.602375328540802,,
24,12239,,0.16434720158576965,,
24,12259,,0.14161424338817596,,
24,12279,,0.19326452910900116,,
24,12299,,0.1870954930782318,,
24,12319,,0.22362342476844788,,
24,12339,,0.1866583526134491,,
24,12359,,0.1769048571586609,,
24,12379,,0.26903507113456726,,
24,12399,,0.2186884582042694,,
24,12399,,,0.6688799262046814,0.7025883793830872
24,12399,0.21484433114528656,,,
25,12419,,0.2512529492378235,,
25,12439,,0.09600222110748291,,
25,12459,,0.09333832561969757,,
25,12479,,0.1180787980556488,,
25,12499,,0.10553736239671707,,
25,12519,,0.30511265993118286,,
25,12539,,0.11389916390180588,,
25,12559,,0.23290196061134338,,
25,12579,,0.06650927662849426,,
25,12599,,0.1116420328617096,,
25,12619,,0.0944756269454956,,
25,12639,,0.12647798657417297,,
25,12659,,0.10330992937088013,,
25,12679,,0.1791245937347412,,
25,12699,,0.13388106226921082,,
25,12719,,0.14441123604774475,,
25,12739,,0.27377045154571533,,
25,12759,,0.21722331643104553,,
25,12779,,0.08980885148048401,,
25,12799,,0.03510604053735733,,
25,12819,,0.11887159943580627,,
25,12839,,0.2551933228969574,,
25,12859,,0.3116878271102905,,
25,12879,,0.24126988649368286,,
25,12895,,,0.6751620769500732,0.676095187664032
25,12895,0.20765800774097443,,,
26,12899,,0.2881332039833069,,
26,12919,,0.2672384977340698,,
26,12939,,0.31144964694976807,,
26,12959,,0.09125921130180359,,
26,12979,,0.34477609395980835,,
26,12999,,0.1427653431892395,,
26,13019,,0.11070173978805542,,
26,13039,,0.19245991110801697,,
26,13059,,0.27699410915374756,,
26,13079,,0.07771863788366318,,
26,13099,,0.21601346135139465,,
26,13119,,0.2211412787437439,,
26,13139,,0.34187644720077515,,
26,13159,,0.09269870817661285,,
26,13179,,0.21808338165283203,,
26,13199,,0.2359377145767212,,
26,13219,,0.06232418864965439,,
26,13239,,0.23260384798049927,,
26,13259,,0.27883002161979675,,
26,13279,,0.12802347540855408,,
26,13299,,0.12163160741329193,,
26,13319,,0.2800942659378052,,
26,13339,,0.45509910583496094,,
26,13359,,0.30559566617012024,,
26,13379,,0.28081247210502625,,
26,13391,,,0.6776885986328125,0.7298888564109802
26,13391,0.19815413653850555,,,
27,13399,,0.2720189094543457,,
27,13419,,0.15650692582130432,,
27,13439,,0.11832401156425476,,
27,13459,,0.19500496983528137,,
27,13479,,0.42793554067611694,,
27,13499,,0.16579340398311615,,
27,13519,,0.25049063563346863,,
27,13539,,0.1408834308385849,,
27,13559,,0.33339041471481323,,
27,13579,,0.18380765616893768,,
27,13599,,0.24478283524513245,,
27,13619,,0.11867016553878784,,
27,13639,,0.22737343609333038,,
27,13659,,0.0863570123910904,,
27,13679,,0.33954063057899475,,
27,13699,,0.07674749195575714,,
27,13719,,0.3382207751274109,,
27,13739,,0.23729395866394043,,
27,13759,,0.11454041302204132,,
27,13779,,0.14787143468856812,,
27,13799,,0.13376042246818542,,
27,13819,,0.2719883322715759,,
27,13839,,0.07327143847942352,,
27,13859,,0.1827327162027359,,
27,13879,,0.20327305793762207,,
27,13887,,,0.6689267158508301,0.7071484327316284
27,13887,0.18921473622322083,,,
28,13899,,0.1359769105911255,,
28,13919,,0.13182586431503296,,
28,13939,,0.11961738765239716,,
28,13959,,0.20691519975662231,,
28,13979,,0.15135231614112854,,
28,13999,,0.1158546507358551,,
28,14019,,0.18532061576843262,,
28,14039,,0.11724328249692917,,
28,14059,,0.40528032183647156,,
28,14079,,0.2554766535758972,,
28,14099,,0.20219635963439941,,
28,14119,,0.2675834894180298,,
28,14139,,0.0925651341676712,,
28,14159,,0.09318692982196808,,
28,14179,,0.20635858178138733,,
28,14199,,0.3308318853378296,,
28,14219,,0.1285766363143921,,
28,14239,,0.18105018138885498,,
28,14259,,0.1884910762310028,,
28,14279,,0.14948764443397522,,
28,14299,,0.30578452348709106,,
28,14319,,0.10977859795093536,,
28,14339,,0.44242149591445923,,
28,14359,,0.12005442380905151,,
28,14379,,0.22276154160499573,,
28,14383,,,0.6681212186813354,0.7327486276626587
28,14383,0.17781269550323486,,,
29,14399,,0.20248064398765564,,
29,14419,,0.2782592475414276,,
29,14439,,0.06470969319343567,,
29,14459,,0.02494122087955475,,
29,14479,,0.08944902569055557,,
29,14499,,0.19178248941898346,,
29,14519,,0.18361355364322662,,
29,14539,,0.13297022879123688,,
29,14559,,0.20529918372631073,,
29,14579,,0.6402679085731506,,
29,14599,,0.09775398671627045,,
29,14619,,0.09793293476104736,,
29,14639,,0.13879823684692383,,
29,14659,,0.09745429456233978,,
29,14679,,0.14646556973457336,,
29,14699,,0.25118812918663025,,
29,14719,,0.09962747991085052,,
29,14739,,0.18928679823875427,,
29,14759,,0.34061199426651,,
29,14779,,0.23303574323654175,,
29,14799,,0.1899506151676178,,
29,14819,,0.1505298763513565,,
29,14839,,0.1552819460630417,,
29,14859,,0.182876318693161,,
29,14879,,0.2036336362361908,,
29,14879,,,0.6720358729362488,0.7250609993934631
29,14879,0.17028407752513885,,,
30,14899,,0.13034532964229584,,
30,14919,,0.16854289174079895,,
30,14939,,0.14349040389060974,,
30,14959,,0.11827634274959564,,
30,14979,,0.08088379353284836,,
30,14999,,0.550926148891449,,
30,15019,,0.1043502688407898,,
30,15039,,0.13862429559230804,,
30,15059,,0.05877578258514404,,
30,15079,,0.1549743264913559,,
30,15099,,0.08315607905387878,,
30,15119,,0.04837726056575775,,
30,15139,,0.24519234895706177,,
30,15159,,0.0861395001411438,,
30,15179,,0.450889527797699,,
30,15199,,0.2038852870464325,,
30,15219,,0.2658211588859558,,
30,15239,,0.13292478024959564,,
30,15259,,0.04799063503742218,,
30,15279,,0.03916573524475098,,
30,15299,,0.023787058889865875,,
30,15319,,0.06366802006959915,,
30,15339,,0.16469411551952362,,
30,15359,,0.13776613771915436,,
30,15375,,,0.6780070066452026,0.7151952385902405
30,15375,0.16608238220214844,,,
31,15379,,0.3998388946056366,,
31,15399,,0.06866130232810974,,
31,15419,,0.083987295627594,,
31,15439,,0.10696158558130264,,
31,15459,,0.10944031924009323,,
31,15479,,0.20035801827907562,,
31,15499,,0.11579960584640503,,
31,15519,,0.15106932818889618,,
31,15539,,0.10622069984674454,,
31,15559,,0.10551571846008301,,
31,15579,,0.05868500471115112,,
31,15599,,0.07204965502023697,,
31,15619,,0.10388500988483429,,
31,15639,,0.05621395632624626,,
31,15659,,0.12622161209583282,,
31,15679,,0.11311322450637817,,
31,15699,,0.1197095587849617,,
31,15719,,0.08317380398511887,,
31,15739,,0.19786998629570007,,
31,15759,,0.05836196616292,,
31,15779,,0.4322223663330078,,
31,15799,,0.09421317279338837,,
31,15819,,0.21517451107501984,,
31,15839,,0.19669762253761292,,
31,15859,,0.05463476479053497,,
31,15871,,,0.6658498048782349,0.7163405418395996
31,15871,0.15531979501247406,,,
32,15879,,0.2409999817609787,,
32,15899,,0.3510897755622864,,
32,15919,,0.20632612705230713,,
32,15939,,0.15891778469085693,,
32,15959,,0.16003049910068512,,
32,15979,,0.15888817608356476,,
32,15999,,0.16974110901355743,,
32,16019,,0.06379848718643188,,
32,16039,,0.06719659268856049,,
32,16059,,0.5291411280632019,,
32,16079,,0.04000164568424225,,
32,16099,,0.0750599056482315,,
32,16119,,0.2958662509918213,,
32,16139,,0.1779608130455017,,
32,16159,,0.222745880484581,,
32,16179,,0.03803451359272003,,
32,16199,,0.14197540283203125,,
32,16219,,0.1140582412481308,,
32,16239,,0.10763081163167953,,
32,16259,,0.10420463234186172,,
32,16279,,0.2366202473640442,,
32,16299,,0.21920442581176758,,
32,16319,,0.2908273935317993,,
32,16339,,0.269896924495697,,
32,16359,,0.1460135579109192,,
32,16367,,,0.6695733070373535,0.7221050262451172
32,16367,0.14566197991371155,,,
33,16379,,0.09402989596128464,,
33,16399,,0.08300577104091644,,
33,16419,,0.1694512963294983,,
33,16439,,0.07096003741025925,,
33,16459,,0.18220697343349457,,
33,16479,,0.11738412082195282,,
33,16499,,0.10398189723491669,,
33,16519,,0.1989002227783203,,
33,16539,,0.15186171233654022,,
33,16559,,0.2009478062391281,,
33,16579,,0.16526302695274353,,
33,16599,,0.06394259631633759,,
33,16619,,0.03381483256816864,,
33,16639,,0.13659662008285522,,
33,16659,,0.1128634661436081,,
33,16679,,0.10774928331375122,,
33,16699,,0.25620436668395996,,
33,16719,,0.04033157601952553,,
33,16739,,0.060420289635658264,,
33,16759,,0.17975234985351562,,
33,16779,,0.08691015094518661,,
33,16799,,0.28282299637794495,,
33,16819,,0.3076815605163574,,
33,16839,,0.09985271841287613,,
33,16859,,0.04524713009595871,,
33,16863,,,0.6705901622772217,0.7572931051254272
33,16863,0.1451697051525116,,,
34,16879,,0.10109099745750427,,
34,16899,,0.21445409953594208,,
34,16919,,0.07966554164886475,,
34,16939,,0.14709995687007904,,
34,16959,,0.09376449882984161,,
34,16979,,0.14169836044311523,,
34,16999,,0.1793736219406128,,
34,17019,,0.22990942001342773,,
34,17039,,0.253329873085022,,
34,17059,,0.1055360734462738,,
34,17079,,0.14759236574172974,,
34,17099,,0.15186965465545654,,
34,17119,,0.05987827852368355,,
34,17139,,0.09306695312261581,,
34,17159,,0.20466046035289764,,
34,17179,,0.07638582587242126,,
34,17199,,0.523619532585144,,
34,17219,,0.2833770513534546,,
34,17239,,0.12497039884328842,,
34,17259,,0.06989885866641998,,
34,17279,,0.2693502902984619,,
34,17299,,0.22942140698432922,,
34,17319,,0.1822563260793686,,
34,17339,,0.09081671386957169,,
34,17359,,0.14422310888767242,,
34,17359,,,0.6677373647689819,0.7297429442405701
34,17359,0.1435241997241974,,,
35,17379,,0.05632384121417999,,
35,17399,,0.1663282811641693,,
35,17419,,0.09936275333166122,,
35,17439,,0.12405853718519211,,
35,17459,,0.1352800726890564,,
35,17479,,0.17033109068870544,,
35,17499,,0.09180648624897003,,
35,17519,,0.1945042908191681,,
35,17539,,0.07837088406085968,,
35,17559,,0.16365328431129456,,
35,17579,,0.09490562230348587,,
35,17599,,0.07090765237808228,,
35,17619,,0.1174190491437912,,
35,17639,,0.03194277733564377,,
35,17659,,0.22034765779972076,,
35,17679,,0.07552744448184967,,
35,17699,,0.02370563894510269,,
35,17719,,0.10991843044757843,,
35,17739,,0.018446870148181915,,
35,17759,,0.13926732540130615,,
35,17779,,0.14016687870025635,,
35,17799,,0.2775139808654785,,
35,17819,,0.062429122626781464,,
35,17839,,0.18706777691841125,,
35,17855,,,0.6704358458518982,0.7606475949287415
35,17855,0.1377677321434021,,,
36,17859,,0.06255681812763214,,
36,17879,,0.02654404565691948,,
36,17899,,0.12036655843257904,,
36,17919,,0.19832704961299896,,
36,17939,,0.04621053859591484,,
36,17959,,0.04739866405725479,,
36,17979,,0.15996789932250977,,
36,17999,,0.06784902513027191,,
36,18019,,0.0400531180202961,,
36,18039,,0.10510387271642685,,
36,18059,,0.07897431403398514,,
36,18079,,0.22054070234298706,,
36,18099,,0.0800161063671112,,
36,18119,,0.11306291818618774,,
36,18139,,0.061060890555381775,,
36,18159,,0.12039896845817566,,
36,18179,,0.14104542136192322,,
36,18199,,0.2056886851787567,,
36,18219,,0.11455753445625305,,
36,18239,,0.13602161407470703,,
36,18259,,0.1641126573085785,,
36,18279,,0.14805330336093903,,
36,18299,,0.052475836127996445,,
36,18319,,0.04439443349838257,,
36,18339,,0.16088461875915527,,
36,18351,,,0.6671992540359497,0.7774924635887146
36,18351,0.12662069499492645,,,
37,18359,,0.038340408354997635,,
37,18379,,0.027401141822338104,,
37,18399,,0.18433991074562073,,
37,18419,,0.12139596045017242,,
37,18439,,0.21515055000782013,,
37,18459,,0.06392195075750351,,
37,18479,,0.05591624602675438,,
37,18499,,0.11830711364746094,,
37,18519,,0.018996592611074448,,
37,18539,,0.10538402944803238,,
37,18559,,0.08292046189308167,,
37,18579,,0.15520420670509338,,
37,18599,,0.11251167953014374,,
37,18619,,0.032495222985744476,,
37,18639,,0.12975339591503143,,
37,18659,,0.15167629718780518,,
37,18679,,0.09222505986690521,,
37,18699,,0.02669363096356392,,
37,18719,,0.049403198063373566,,
37,18739,,0.1907690018415451,,
37,18759,,0.13529597222805023,,
37,18779,,0.0969190001487732,,
37,18799,,0.040044765919446945,,
37,18819,,0.13306638598442078,,
37,18839,,0.0372258797287941,,
37,18847,,,0.6697428226470947,0.8114820122718811
37,18847,0.12358757108449936,,,
38,18859,,0.018127184361219406,,
38,18879,,0.0535842590034008,,
38,18899,,0.08581051230430603,,
38,18919,,0.14634156227111816,,
38,18939,,0.03547065332531929,,
38,18959,,0.10394176840782166,,
38,18979,,0.0399429090321064,,
38,18999,,0.13271299004554749,,
38,19019,,0.1938476711511612,,
38,19039,,0.03502475470304489,,
38,19059,,0.20998825132846832,,
38,19079,,0.1668313592672348,,
38,19099,,0.06738832592964172,,
38,19119,,0.14446929097175598,,
38,19139,,0.13983115553855896,,
38,19159,,0.054308801889419556,,
38,19179,,0.013766437768936157,,
38,19199,,0.21363620460033417,,
38,19219,,0.22180424630641937,,
38,19239,,0.07165926694869995,,
38,19259,,0.06714825332164764,,
38,19279,,0.033165041357278824,,
38,19299,,0.1665099710226059,,
38,19319,,0.11841636151075363,,
38,19339,,0.020461518317461014,,
38,19343,,,0.6914035081863403,0.7375117540359497
38,19343,0.1198674738407135,,,
39,19359,,0.264626681804657,,
39,19379,,0.20008514821529388,,
39,19399,,0.2757757008075714,,
39,19419,,0.22809600830078125,,
39,19439,,0.07897374778985977,,
39,19459,,0.0514303594827652,,
39,19479,,0.10540145635604858,,
39,19499,,0.1865791380405426,,
39,19519,,0.17814034223556519,,
39,19539,,0.33693236112594604,,
39,19559,,0.04641084000468254,,
39,19579,,0.0239226333796978,,
39,19599,,0.10553240031003952,,
39,19619,,0.1538664996623993,,
39,19639,,0.4471284747123718,,
39,19659,,0.03483163192868233,,
39,19679,,0.1347614824771881,,
39,19699,,0.06861769407987595,,
39,19719,,0.06211727485060692,,
39,19739,,0.09077683091163635,,
39,19759,,0.09530375152826309,,
39,19779,,0.03874363377690315,,
39,19799,,0.25918036699295044,,
39,19819,,0.09050700068473816,,
39,19839,,0.07289420813322067,,
39,19839,,,0.6578996181488037,0.7694517970085144
39,19839,0.11635961383581161,,,
