epoch,step,train/acc_adv,train/acc_cls,train/g_enc_grl,train/grl_a,train/grl_progress,train/loss_adv,train/loss_cls,val/acc,val/loss
0,19,,,,,0.0009387815371155739,,,,
0,39,,,,,0.0019269726471975446,,,,
0,59,,,,,0.0029151637572795153,,,,
0,79,,,,,0.003903354983776808,,,,
0,99,,,,,0.004891545977443457,,,,
0,119,,,,,0.0058797369711101055,,,,
0,139,,,,,0.006867928430438042,,,,
0,159,,,,,0.00785611942410469,,,,
0,179,,,,,0.00884431041777134,,,,
0,199,,,,,0.009832501411437988,,,,
0,219,,,,,0.010820692405104637,,,,
0,239,,,,,0.011808883398771286,,,,
0,259,,,,,0.01279707532376051,,,,
0,279,,,,,0.013785266317427158,,,,
0,299,,,,,0.014773457311093807,,,,
0,319,,,,,0.01576164737343788,,,,
0,339,,,,,0.01674984022974968,,,,
0,359,,,,,0.01773803122341633,,,,
0,379,,,,,0.018726222217082977,,,,
0,399,,,,,0.019714413210749626,,,,
0,419,,,,,0.020702604204416275,,,,
0,439,,,,,0.021690795198082924,,,,
0,459,,,,,0.022678986191749573,,,,
0,479,,,,,0.02366717718541622,,,,
0,499,,,,,0.02465536817908287,,,,
0,505,,,,,,,,0.6437206864356995,1.1804008483886719
0,505,0.6556015610694885,0.5687994360923767,0.02402014285326004,0.7405927777290344,,0.6327497363090515,1.355305552482605,,
1,519,,,,,0.02564355917274952,,,,
1,539,,,,,0.026631750166416168,,,,
1,559,,,,,0.027619941160082817,,,,
1,579,,,,,0.028608132153749466,,,,
1,599,,,,,0.029596323147416115,,,,
1,619,,,,,0.030584514141082764,,,,
1,639,,,,,0.03157270699739456,,,,
1,659,,,,,0.03256089612841606,,,,
1,679,,,,,0.03354908898472786,,,,
1,699,,,,,0.03453727811574936,,,,
1,719,,,,,0.03552547097206116,,,,
1,739,,,,,0.03651366010308266,,,,
1,759,,,,,0.037501852959394455,,,,
1,779,,,,,0.03849004581570625,,,,
1,799,,,,,0.03947823494672775,,,,
1,819,,,,,0.04046642780303955,,,,
1,839,,,,,0.04145461693406105,,,,
1,859,,,,,0.04244280979037285,,,,
1,879,,,,,0.04343099892139435,,,,
1,899,,,,,0.044419191777706146,,,,
1,919,,,,,0.045407380908727646,,,,
1,939,,,,,0.046395573765039444,,,,
1,959,,,,,0.047383762896060944,,,,
1,979,,,,,0.04837195575237274,,,,
1,999,,,,,0.04936014488339424,,,,
1,1011,,,,,,,,0.6780163049697876,0.9965922832489014
1,1011,0.5512290000915527,0.6531620621681213,0.012443617917597294,0.9556241035461426,,0.7105987071990967,1.0952656269073486,,
2,1019,,,,,0.05034833773970604,,,,
2,1039,,,,,0.05133652687072754,,,,
2,1059,,,,,0.05232471972703934,,,,
2,1079,,,,,0.05331290885806084,,,,
2,1099,,,,,0.054301101714372635,,,,
2,1119,,,,,0.05528929457068443,,,,
2,1139,,,,,0.05627748370170593,,,,
2,1159,,,,,0.05726567655801773,,,,
2,1179,,,,,0.05825386568903923,,,,
2,1199,,,,,0.05924205854535103,,,,
2,1219,,,,,0.06023024767637253,,,,
2,1239,,,,,0.061218440532684326,,,,
2,1259,,,,,0.062206629663705826,,,,
2,1279,,,,,0.06319481879472733,,,,
2,1299,,,,,0.06418301165103912,,,,
2,1319,,,,,0.06517120450735092,,,,
2,1339,,,,,0.06615939736366272,,,,
2,1359,,,,,0.06714758276939392,,,,
2,1379,,,,,0.06813577562570572,,,,
2,1399,,,,,0.06912396848201752,,,,
2,1419,,,,,0.07011216133832932,,,,
2,1439,,,,,0.07110035419464111,,,,
2,1459,,,,,0.07208853960037231,,,,
2,1479,,,,,0.07307673245668411,,,,
2,1499,,,,,0.07406492531299591,,,,
2,1517,,,,,,,,0.6920799612998962,0.9492186307907104
2,1517,0.5430150628089905,0.67527174949646,0.008833889849483967,0.9859250783920288,,0.6991133689880371,0.973979115486145,,
3,1519,,,,,0.07505311816930771,,,,
3,1539,,,,,0.07604130357503891,,,,
3,1559,,,,,0.07702949643135071,,,,
3,1579,,,,,0.0780176892876625,,,,
3,1599,,,,,0.0790058821439743,,,,
3,1619,,,,,0.0799940675497055,,,,
3,1639,,,,,0.0809822604060173,,,,
3,1659,,,,,0.0819704532623291,,,,
3,1679,,,,,0.0829586461186409,,,,
3,1699,,,,,0.0839468389749527,,,,
3,1719,,,,,0.0849350243806839,,,,
3,1739,,,,,0.0859232172369957,,,,
3,1759,,,,,0.0869114100933075,,,,
3,1779,,,,,0.0878996029496193,,,,
3,1799,,,,,0.0888877883553505,,,,
3,1819,,,,,0.08987598121166229,,,,
3,1839,,,,,0.09086417406797409,,,,
3,1859,,,,,0.09185236692428589,,,,
3,1879,,,,,0.09284055233001709,,,,
3,1899,,,,,0.09382874518632889,,,,
3,1919,,,,,0.09481693804264069,,,,
3,1939,,,,,0.09580513089895248,,,,
3,1959,,,,,0.09679331630468369,,,,
3,1979,,,,,0.09778150916099548,,,,
3,1999,,,,,0.09876970201730728,,,,
3,2019,,,,,0.09975789487361908,,,,
3,2023,,,,,,,,0.720700740814209,0.8607115745544434
3,2023,0.5419034361839294,0.6975049376487732,0.006269058212637901,0.994429886341095,,0.6952195763587952,0.8909478783607483,,
4,2039,,,,,0.10074608772993088,,,,
4,2059,,,,,0.10173427313566208,,,,
4,2079,,,,,0.10272246599197388,,,,
4,2099,,,,,0.10371065884828568,,,,
4,2119,,,,,0.10469885170459747,,,,
