epoch,step,train/loss,val/acc,val/loss
0,486,,0.689339816570282,0.9129239916801453
0,486,1.1817198991775513,,
1,973,,0.7113460898399353,0.8593019247055054
1,973,0.8512576222419739,,
2,1460,,0.7233495116233826,0.7967859506607056
2,1460,0.7340062260627747,,
3,1947,,0.7247785329818726,0.7945379018783569
3,1947,0.6298427581787109,,
4,2434,,0.7204915881156921,0.8350501656532288
4,2434,0.5544142723083496,,
5,2921,,0.7253500819206238,0.817419707775116
5,2921,0.48662644624710083,,
6,3408,,0.7136324644088745,0.8423959612846375
6,3408,0.4273339509963989,,
7,3895,,0.7167761921882629,0.8988170623779297
7,3895,0.3666396737098694,,
8,4382,,0.7053443789482117,0.9215716123580933
8,4382,0.32435986399650574,,
9,4869,,0.7187768220901489,0.9207299947738647
9,4869,0.27992409467697144,,
10,5356,,0.7110602855682373,1.0128816366195679
10,5356,0.25039660930633545,,
11,5843,,0.7156330347061157,1.0094212293624878
11,5843,0.22131234407424927,,
12,6330,,0.7127750515937805,1.0473151206970215
12,6330,0.1945749968290329,,
13,6817,,0.7093455195426941,1.1227489709854126
13,6817,0.17075182497501373,,
14,7304,,0.7167761921882629,1.1435387134552002
14,7304,0.16080430150032043,,
15,7791,,0.7084881663322449,1.1771411895751953
15,7791,0.147478386759758,,
16,8278,,0.7159188389778137,1.1799615621566772
16,8278,0.13200117647647858,,
17,8765,,0.7079165577888489,1.2116864919662476
17,8765,0.12649834156036377,,
18,9252,,0.7199199795722961,1.1798980236053467
18,9252,0.11254854500293732,,
19,9739,,0.7162046432495117,1.2215830087661743
19,9739,0.10507196187973022,,
20,10226,,0.7139182686805725,1.270254135131836
20,10226,0.09980250149965286,,
21,10713,,0.7099171280860901,1.2640413045883179
21,10713,0.09300094097852707,,
22,11200,,0.7190625667572021,1.3052845001220703
22,11200,0.0885499119758606,,
23,11687,,0.7267791032791138,1.2856419086456299
23,11687,0.08116451650857925,,
24,12174,,0.7302086353302002,1.277621865272522
24,12174,0.07483317703008652,,
25,12661,,0.7179194092750549,1.3427822589874268
25,12661,0.07171276956796646,,
26,13148,,0.7202057838439941,1.4256502389907837
26,13148,0.07474031299352646,,
27,13635,,0.7233495116233826,1.341500997543335
27,13635,0.07471784204244614,,
28,14122,,0.7173478007316589,1.4387938976287842
28,14122,0.06107446923851967,,
29,14609,,0.7324950098991394,1.3027606010437012
29,14609,0.06823284924030304,,
30,15096,,0.7199199795722961,1.3959877490997314
30,15096,0.0584484227001667,,
31,15583,,0.7244927287101746,1.4363044500350952
31,15583,0.05424415320158005,,
32,16070,,0.7247785329818726,1.4295424222946167
32,16070,0.05634668469429016,,
33,16557,,0.7230637073516846,1.4536134004592896
33,16557,0.052159108221530914,,
34,17044,,0.7179194092750549,1.4881666898727417
34,17044,0.05144555866718292,,
35,17531,,0.7053443789482117,1.5341335535049438
35,17531,0.049690939486026764,,
36,18018,,0.7264932990074158,1.462792992591858
36,18018,0.04349154233932495,,
37,18505,,0.7250642776489258,1.5573532581329346
37,18505,0.051216982305049896,,
38,18992,,0.7173478007316589,1.540099859237671
38,18992,0.04934404045343399,,
39,19479,,0.7262074947357178,1.5217077732086182
39,19479,0.045637212693691254,,
