method,seed,feature_space,detector,metric,value,supervision,n_id,n_ood,feat_dim
baseline_soft,42,backbone_raw,cosine_max,AUROC,0.25,unsupervised,4,4,2048
baseline_soft,42,backbone_raw,cosine_max,AUPR_IN,0.4303571428571429,unsupervised,4,4,2048
baseline_soft,42,backbone_raw,cosine_max,AUPR_OUT,0.5654761904761905,unsupervised,4,4,2048
baseline_soft,42,backbone_raw,cosine_max,FPR95,1.0,unsupervised,4,4,2048
baseline_soft,42,backbone_raw,mahalanobis_agnostic,AUROC,0.125,unsupervised,4,4,2048
baseline_soft,42,backbone_raw,mahalanobis_agnostic,AUPR_IN,0.3946428571428572,unsupervised,4,4,2048
baseline_soft,42,backbone_raw,mahalanobis_agnostic,AUPR_OUT,0.3988095238095238,unsupervised,4,4,2048
baseline_soft,42,backbone_raw,mahalanobis_agnostic,FPR95,1.0,unsupervised,4,4,2048
baseline_soft,42,backbone_raw,knn_k50,AUROC,0.1875,unsupervised,4,4,2048
baseline_soft,42,backbone_raw,knn_k50,AUPR_IN,0.4125,unsupervised,4,4,2048
baseline_soft,42,backbone_raw,knn_k50,AUPR_OUT,0.44047619047619047,unsupervised,4,4,2048
baseline_soft,42,backbone_raw,knn_k50,FPR95,1.0,unsupervised,4,4,2048
baseline_soft,42,backbone_raw,mahalanobis_classcond,ERROR,nan,unsupervised,4,4,2048
baseline_soft,42,logits,MSP,AUROC,0.6875,unsupervised,4,4,8
baseline_soft,42,logits,MSP,AUPR_IN,0.7333333333333333,unsupervised,4,4,8
baseline_soft,42,logits,MSP,AUPR_OUT,0.7928571428571428,unsupervised,4,4,8
baseline_soft,42,logits,MSP,FPR95,0.75,unsupervised,4,4,8
baseline_soft,42,logits,Energy_T1,AUROC,0.75,unsupervised,4,4,8
baseline_soft,42,logits,Energy_T1,AUPR_IN,0.7708333333333333,unsupervised,4,4,8
baseline_soft,42,logits,Energy_T1,AUPR_OUT,0.8303571428571428,unsupervised,4,4,8
baseline_soft,42,logits,Energy_T1,FPR95,0.75,unsupervised,4,4,8
baseline_soft,42,logits,ODIN_T1_e0,AUROC,0.6875,unsupervised,4,4,8
baseline_soft,42,logits,ODIN_T1_e0,AUPR_IN,0.7333333333333333,unsupervised,4,4,8
baseline_soft,42,logits,ODIN_T1_e0,AUPR_OUT,0.7928571428571428,unsupervised,4,4,8
baseline_soft,42,logits,ODIN_T1_e0,FPR95,0.75,unsupervised,4,4,8
baseline_soft,42,logits,ODIN_T10_e0,AUROC,0.75,unsupervised,4,4,8
baseline_soft,42,logits,ODIN_T10_e0,AUPR_IN,0.7708333333333333,unsupervised,4,4,8
baseline_soft,42,logits,ODIN_T10_e0,AUPR_OUT,0.8303571428571428,unsupervised,4,4,8
baseline_soft,42,logits,ODIN_T10_e0,FPR95,0.75,unsupervised,4,4,8
baseline_soft,42,logits,ODIN_T100_e0,AUROC,0.75,unsupervised,4,4,8
baseline_soft,42,logits,ODIN_T100_e0,AUPR_IN,0.7708333333333333,unsupervised,4,4,8
baseline_soft,42,logits,ODIN_T100_e0,AUPR_OUT,0.8303571428571428,unsupervised,4,4,8
baseline_soft,42,logits,ODIN_T100_e0,FPR95,0.75,unsupervised,4,4,8
baseline_soft,42,logits,ODIN_T1_e0014,AUROC,0.5,unsupervised,4,4,8
baseline_soft,42,logits,ODIN_T1_e0014,AUPR_IN,0.6428571428571428,unsupervised,4,4,8
baseline_soft,42,logits,ODIN_T1_e0014,AUPR_OUT,0.6428571428571428,unsupervised,4,4,8
baseline_soft,42,logits,ODIN_T1_e0014,FPR95,0.75,unsupervised,4,4,8
baseline_soft,42,logits,ODIN_T10_e0014,AUROC,0.6875,unsupervised,4,4,8
baseline_soft,42,logits,ODIN_T10_e0014,AUPR_IN,0.7470238095238095,unsupervised,4,4,8
baseline_soft,42,logits,ODIN_T10_e0014,AUPR_OUT,0.7470238095238095,unsupervised,4,4,8
baseline_soft,42,logits,ODIN_T10_e0014,FPR95,0.75,unsupervised,4,4,8
baseline_soft,42,logits,ODIN_T100_e0014,AUROC,0.6875,unsupervised,4,4,8
baseline_soft,42,logits,ODIN_T100_e0014,AUPR_IN,0.7470238095238095,unsupervised,4,4,8
baseline_soft,42,logits,ODIN_T100_e0014,AUPR_OUT,0.7470238095238095,unsupervised,4,4,8
baseline_soft,42,logits,ODIN_T100_e0014,FPR95,0.75,unsupervised,4,4,8
baseline_soft,42,logits,cosine_max,AUROC,0.1875,unsupervised,4,4,8
baseline_soft,42,logits,cosine_max,AUPR_IN,0.4125,unsupervised,4,4,8
baseline_soft,42,logits,cosine_max,AUPR_OUT,0.44047619047619047,unsupervised,4,4,8
baseline_soft,42,logits,cosine_max,FPR95,1.0,unsupervised,4,4,8
baseline_soft,42,logits,mahalanobis_agnostic,AUROC,0.125,unsupervised,4,4,8
baseline_soft,42,logits,mahalanobis_agnostic,AUPR_IN,0.3946428571428572,unsupervised,4,4,8
baseline_soft,42,logits,mahalanobis_agnostic,AUPR_OUT,0.3988095238095238,unsupervised,4,4,8
baseline_soft,42,logits,mahalanobis_agnostic,FPR95,1.0,unsupervised,4,4,8
baseline_soft,42,logits,knn_k50,AUROC,0.25,unsupervised,4,4,8
baseline_soft,42,logits,knn_k50,AUPR_IN,0.4303571428571429,unsupervised,4,4,8
baseline_soft,42,logits,knn_k50,AUPR_OUT,0.5654761904761905,unsupervised,4,4,8
baseline_soft,42,logits,knn_k50,FPR95,1.0,unsupervised,4,4,8
effb3_control,42,backbone_raw,cosine_max,AUROC,0.375,unsupervised,4,4,1536
effb3_control,42,backbone_raw,cosine_max,AUPR_IN,0.5238095238095237,unsupervised,4,4,1536
effb3_control,42,backbone_raw,cosine_max,AUPR_OUT,0.48333333333333334,unsupervised,4,4,1536
effb3_control,42,backbone_raw,cosine_max,FPR95,1.0,unsupervised,4,4,1536
effb3_control,42,backbone_raw,mahalanobis_agnostic,AUROC,0.625,unsupervised,4,4,1536
effb3_control,42,backbone_raw,mahalanobis_agnostic,AUPR_IN,0.775,unsupervised,4,4,1536
effb3_control,42,backbone_raw,mahalanobis_agnostic,AUPR_OUT,0.6083333333333333,unsupervised,4,4,1536
effb3_control,42,backbone_raw,mahalanobis_agnostic,FPR95,0.5,unsupervised,4,4,1536
effb3_control,42,backbone_raw,knn_k50,AUROC,0.1875,unsupervised,4,4,1536
effb3_control,42,backbone_raw,knn_k50,AUPR_IN,0.4154761904761905,unsupervised,4,4,1536
effb3_control,42,backbone_raw,knn_k50,AUPR_OUT,0.4154761904761905,unsupervised,4,4,1536
effb3_control,42,backbone_raw,knn_k50,FPR95,1.0,unsupervised,4,4,1536
effb3_control,42,backbone_raw,mahalanobis_classcond,ERROR,nan,unsupervised,4,4,1536
effb3_control,42,logits,MSP,AUROC,0.75,unsupervised,4,4,8
effb3_control,42,logits,MSP,AUPR_IN,0.8166666666666667,unsupervised,4,4,8
effb3_control,42,logits,MSP,AUPR_OUT,0.8166666666666667,unsupervised,4,4,8
effb3_control,42,logits,MSP,FPR95,0.5,unsupervised,4,4,8
effb3_control,42,logits,Energy_T1,AUROC,0.6875,unsupervised,4,4,8
effb3_control,42,logits,Energy_T1,AUPR_IN,0.7470238095238095,unsupervised,4,4,8
effb3_control,42,logits,Energy_T1,AUPR_OUT,0.7470238095238095,unsupervised,4,4,8
effb3_control,42,logits,Energy_T1,FPR95,0.75,unsupervised,4,4,8
effb3_control,42,logits,ODIN_T1_e0,AUROC,0.75,unsupervised,4,4,8
effb3_control,42,logits,ODIN_T1_e0,AUPR_IN,0.8166666666666667,unsupervised,4,4,8
effb3_control,42,logits,ODIN_T1_e0,AUPR_OUT,0.8166666666666667,unsupervised,4,4,8
effb3_control,42,logits,ODIN_T1_e0,FPR95,0.5,unsupervised,4,4,8
effb3_control,42,logits,ODIN_T10_e0,AUROC,0.8125,unsupervised,4,4,8
effb3_control,42,logits,ODIN_T10_e0,AUPR_IN,0.8541666666666666,unsupervised,4,4,8
effb3_control,42,logits,ODIN_T10_e0,AUPR_OUT,0.8541666666666666,unsupervised,4,4,8
effb3_control,42,logits,ODIN_T10_e0,FPR95,0.5,unsupervised,4,4,8
effb3_control,42,logits,ODIN_T100_e0,AUROC,0.75,unsupervised,4,4,8
effb3_control,42,logits,ODIN_T100_e0,AUPR_IN,0.7708333333333333,unsupervised,4,4,8
effb3_control,42,logits,ODIN_T100_e0,AUPR_OUT,0.8303571428571428,unsupervised,4,4,8
effb3_control,42,logits,ODIN_T100_e0,FPR95,0.75,unsupervised,4,4,8
effb3_control,42,logits,ODIN_T1_e0014,AUROC,0.6875,unsupervised,4,4,8
effb3_control,42,logits,ODIN_T1_e0014,AUPR_IN,0.7470238095238095,unsupervised,4,4,8
effb3_control,42,logits,ODIN_T1_e0014,AUPR_OUT,0.7470238095238095,unsupervised,4,4,8
effb3_control,42,logits,ODIN_T1_e0014,FPR95,0.75,unsupervised,4,4,8
effb3_control,42,logits,ODIN_T10_e0014,AUROC,0.75,unsupervised,4,4,8
effb3_control,42,logits,ODIN_T10_e0014,AUPR_IN,0.8303571428571428,unsupervised,4,4,8
effb3_control,42,logits,ODIN_T10_e0014,AUPR_OUT,0.7708333333333333,unsupervised,4,4,8
effb3_control,42,logits,ODIN_T10_e0014,FPR95,0.5,unsupervised,4,4,8
effb3_control,42,logits,ODIN_T100_e0014,AUROC,0.625,unsupervised,4,4,8
effb3_control,42,logits,ODIN_T100_e0014,AUPR_IN,0.7678571428571428,unsupervised,4,4,8
effb3_control,42,logits,ODIN_T100_e0014,AUPR_OUT,0.6916666666666667,unsupervised,4,4,8
effb3_control,42,logits,ODIN_T100_e0014,FPR95,0.5,unsupervised,4,4,8
effb3_control,42,logits,cosine_max,AUROC,0.125,unsupervised,4,4,8
effb3_control,42,logits,cosine_max,AUPR_IN,0.3946428571428572,unsupervised,4,4,8
effb3_control,42,logits,cosine_max,AUPR_OUT,0.3988095238095238,unsupervised,4,4,8
effb3_control,42,logits,cosine_max,FPR95,1.0,unsupervised,4,4,8
effb3_control,42,logits,mahalanobis_agnostic,AUROC,0.125,unsupervised,4,4,8
effb3_control,42,logits,mahalanobis_agnostic,AUPR_IN,0.3946428571428572,unsupervised,4,4,8
effb3_control,42,logits,mahalanobis_agnostic,AUPR_OUT,0.3988095238095238,unsupervised,4,4,8
effb3_control,42,logits,mahalanobis_agnostic,FPR95,1.0,unsupervised,4,4,8
effb3_control,42,logits,knn_k50,AUROC,0.1875,unsupervised,4,4,8
effb3_control,42,logits,knn_k50,AUPR_IN,0.4125,unsupervised,4,4,8
effb3_control,42,logits,knn_k50,AUPR_OUT,0.44047619047619047,unsupervised,4,4,8
effb3_control,42,logits,knn_k50,FPR95,1.0,unsupervised,4,4,8
runB_orth1,42,z_lesion,cosine_max,AUROC,0.1875,unsupervised,4,4,16
runB_orth1,42,z_lesion,cosine_max,AUPR_IN,0.4125,unsupervised,4,4,16
runB_orth1,42,z_lesion,cosine_max,AUPR_OUT,0.44047619047619047,unsupervised,4,4,16
runB_orth1,42,z_lesion,cosine_max,FPR95,1.0,unsupervised,4,4,16
runB_orth1,42,z_lesion,mahalanobis_agnostic,AUROC,0.3125,unsupervised,4,4,16
runB_orth1,42,z_lesion,mahalanobis_agnostic,AUPR_IN,0.4511904761904762,unsupervised,4,4,16
runB_orth1,42,z_lesion,mahalanobis_agnostic,AUPR_OUT,0.5821428571428572,unsupervised,4,4,16
runB_orth1,42,z_lesion,mahalanobis_agnostic,FPR95,1.0,unsupervised,4,4,16
runB_orth1,42,z_lesion,knn_k50,AUROC,0.1875,unsupervised,4,4,16
runB_orth1,42,z_lesion,knn_k50,AUPR_IN,0.4125,unsupervised,4,4,16
runB_orth1,42,z_lesion,knn_k50,AUPR_OUT,0.44047619047619047,unsupervised,4,4,16
runB_orth1,42,z_lesion,knn_k50,FPR95,1.0,unsupervised,4,4,16
runB_orth1,42,z_lesion,mahalanobis_classcond,ERROR,nan,unsupervised,4,4,16
runB_orth1,42,z_context,cosine_max,AUROC,1.0,domain-supervised,4,4,64
runB_orth1,42,z_context,cosine_max,AUPR_IN,1.0,domain-supervised,4,4,64
runB_orth1,42,z_context,cosine_max,AUPR_OUT,1.0,domain-supervised,4,4,64
runB_orth1,42,z_context,cosine_max,FPR95,0.0,domain-supervised,4,4,64
runB_orth1,42,z_context,mahalanobis_agnostic,AUROC,1.0,domain-supervised,4,4,64
runB_orth1,42,z_context,mahalanobis_agnostic,AUPR_IN,1.0,domain-supervised,4,4,64
runB_orth1,42,z_context,mahalanobis_agnostic,AUPR_OUT,1.0,domain-supervised,4,4,64
runB_orth1,42,z_context,mahalanobis_agnostic,FPR95,0.0,domain-supervised,4,4,64
runB_orth1,42,z_context,knn_k50,AUROC,1.0,domain-supervised,4,4,64
runB_orth1,42,z_context,knn_k50,AUPR_IN,1.0,domain-supervised,4,4,64
runB_orth1,42,z_context,knn_k50,AUPR_OUT,1.0,domain-supervised,4,4,64
runB_orth1,42,z_context,knn_k50,FPR95,0.0,domain-supervised,4,4,64
runB_orth1,42,z_context,mahalanobis_classcond,ERROR,nan,domain-supervised,4,4,64
runB_orth1,42,concat_z,cosine_max,AUROC,1.0,unsupervised,4,4,80
runB_orth1,42,concat_z,cosine_max,AUPR_IN,1.0,unsupervised,4,4,80
runB_orth1,42,concat_z,cosine_max,AUPR_OUT,1.0,unsupervised,4,4,80
runB_orth1,42,concat_z,cosine_max,FPR95,0.0,unsupervised,4,4,80
runB_orth1,42,concat_z,mahalanobis_agnostic,AUROC,1.0,unsupervised,4,4,80
runB_orth1,42,concat_z,mahalanobis_agnostic,AUPR_IN,1.0,unsupervised,4,4,80
runB_orth1,42,concat_z,mahalanobis_agnostic,AUPR_OUT,1.0,unsupervised,4,4,80
runB_orth1,42,concat_z,mahalanobis_agnostic,FPR95,0.0,unsupervised,4,4,80
runB_orth1,42,concat_z,knn_k50,AUROC,1.0,unsupervised,4,4,80
runB_orth1,42,concat_z,knn_k50,AUPR_IN,1.0,unsupervised,4,4,80
runB_orth1,42,concat_z,knn_k50,AUPR_OUT,1.0,unsupervised,4,4,80
runB_orth1,42,concat_z,knn_k50,FPR95,0.0,unsupervised,4,4,80
runB_orth1,42,concat_z,mahalanobis_classcond,ERROR,nan,unsupervised,4,4,80
runB_orth1,42,backbone_raw_lesion,cosine_max,AUROC,0.25,unsupervised,4,4,1536
runB_orth1,42,backbone_raw_lesion,cosine_max,AUPR_IN,0.4303571428571429,unsupervised,4,4,1536
runB_orth1,42,backbone_raw_lesion,cosine_max,AUPR_OUT,0.5654761904761905,unsupervised,4,4,1536
runB_orth1,42,backbone_raw_lesion,cosine_max,FPR95,1.0,unsupervised,4,4,1536
runB_orth1,42,backbone_raw_lesion,mahalanobis_agnostic,AUROC,0.625,unsupervised,4,4,1536
runB_orth1,42,backbone_raw_lesion,mahalanobis_agnostic,AUPR_IN,0.6220238095238095,unsupervised,4,4,1536
runB_orth1,42,backbone_raw_lesion,mahalanobis_agnostic,AUPR_OUT,0.7291666666666666,unsupervised,4,4,1536
runB_orth1,42,backbone_raw_lesion,mahalanobis_agnostic,FPR95,1.0,unsupervised,4,4,1536
runB_orth1,42,backbone_raw_lesion,knn_k50,AUROC,0.3125,unsupervised,4,4,1536
runB_orth1,42,backbone_raw_lesion,knn_k50,AUPR_IN,0.4511904761904762,unsupervised,4,4,1536
runB_orth1,42,backbone_raw_lesion,knn_k50,AUPR_OUT,0.5821428571428572,unsupervised,4,4,1536
runB_orth1,42,backbone_raw_lesion,knn_k50,FPR95,1.0,unsupervised,4,4,1536
runB_orth1,42,backbone_raw_lesion,mahalanobis_classcond,ERROR,nan,unsupervised,4,4,1536
runB_orth1,42,backbone_raw_context,cosine_max,AUROC,1.0,domain-supervised,4,4,1536
runB_orth1,42,backbone_raw_context,cosine_max,AUPR_IN,1.0,domain-supervised,4,4,1536
runB_orth1,42,backbone_raw_context,cosine_max,AUPR_OUT,1.0,domain-supervised,4,4,1536
runB_orth1,42,backbone_raw_context,cosine_max,FPR95,0.0,domain-supervised,4,4,1536
runB_orth1,42,backbone_raw_context,mahalanobis_agnostic,AUROC,1.0,domain-supervised,4,4,1536
runB_orth1,42,backbone_raw_context,mahalanobis_agnostic,AUPR_IN,1.0,domain-supervised,4,4,1536
runB_orth1,42,backbone_raw_context,mahalanobis_agnostic,AUPR_OUT,1.0,domain-supervised,4,4,1536
runB_orth1,42,backbone_raw_context,mahalanobis_agnostic,FPR95,0.0,domain-supervised,4,4,1536
runB_orth1,42,backbone_raw_context,knn_k50,AUROC,1.0,domain-supervised,4,4,1536
runB_orth1,42,backbone_raw_context,knn_k50,AUPR_IN,1.0,domain-supervised,4,4,1536
runB_orth1,42,backbone_raw_context,knn_k50,AUPR_OUT,1.0,domain-supervised,4,4,1536
runB_orth1,42,backbone_raw_context,knn_k50,FPR95,0.0,domain-supervised,4,4,1536
runB_orth1,42,backbone_raw_context,mahalanobis_classcond,ERROR,nan,domain-supervised,4,4,1536
runB_orth1,42,logits,MSP,AUROC,0.3125,unsupervised,4,4,8
runB_orth1,42,logits,MSP,AUPR_IN,0.4511904761904762,unsupervised,4,4,8
runB_orth1,42,logits,MSP,AUPR_OUT,0.5821428571428572,unsupervised,4,4,8
runB_orth1,42,logits,MSP,FPR95,1.0,unsupervised,4,4,8
runB_orth1,42,logits,Energy_T1,AUROC,0.1875,unsupervised,4,4,8
runB_orth1,42,logits,Energy_T1,AUPR_IN,0.4125,unsupervised,4,4,8
runB_orth1,42,logits,Energy_T1,AUPR_OUT,0.44047619047619047,unsupervised,4,4,8
runB_orth1,42,logits,Energy_T1,FPR95,1.0,unsupervised,4,4,8
runB_orth1,42,logits,ODIN_T1_e0,AUROC,0.3125,unsupervised,4,4,8
runB_orth1,42,logits,ODIN_T1_e0,AUPR_IN,0.4511904761904762,unsupervised,4,4,8
runB_orth1,42,logits,ODIN_T1_e0,AUPR_OUT,0.5821428571428572,unsupervised,4,4,8
runB_orth1,42,logits,ODIN_T1_e0,FPR95,1.0,unsupervised,4,4,8
runB_orth1,42,logits,ODIN_T10_e0,AUROC,0.25,unsupervised,4,4,8
runB_orth1,42,logits,ODIN_T10_e0,AUPR_IN,0.4303571428571429,unsupervised,4,4,8
runB_orth1,42,logits,ODIN_T10_e0,AUPR_OUT,0.5654761904761905,unsupervised,4,4,8
runB_orth1,42,logits,ODIN_T10_e0,FPR95,1.0,unsupervised,4,4,8
runB_orth1,42,logits,ODIN_T100_e0,AUROC,0.1875,unsupervised,4,4,8
runB_orth1,42,logits,ODIN_T100_e0,AUPR_IN,0.4125,unsupervised,4,4,8
runB_orth1,42,logits,ODIN_T100_e0,AUPR_OUT,0.44047619047619047,unsupervised,4,4,8
runB_orth1,42,logits,ODIN_T100_e0,FPR95,1.0,unsupervised,4,4,8
runB_orth1,42,logits,ODIN_T1_e0014,AUROC,0.3125,unsupervised,4,4,8
runB_orth1,42,logits,ODIN_T1_e0014,AUPR_IN,0.4583333333333333,unsupervised,4,4,8
runB_orth1,42,logits,ODIN_T1_e0014,AUPR_OUT,0.48214285714285715,unsupervised,4,4,8
runB_orth1,42,logits,ODIN_T1_e0014,FPR95,1.0,unsupervised,4,4,8
runB_orth1,42,logits,ODIN_T10_e0014,AUROC,0.3125,unsupervised,4,4,8
runB_orth1,42,logits,ODIN_T10_e0014,AUPR_IN,0.4583333333333333,unsupervised,4,4,8
runB_orth1,42,logits,ODIN_T10_e0014,AUPR_OUT,0.48214285714285715,unsupervised,4,4,8
runB_orth1,42,logits,ODIN_T10_e0014,FPR95,1.0,unsupervised,4,4,8
runB_orth1,42,logits,ODIN_T100_e0014,AUROC,0.3125,unsupervised,4,4,8
runB_orth1,42,logits,ODIN_T100_e0014,AUPR_IN,0.4583333333333333,unsupervised,4,4,8
runB_orth1,42,logits,ODIN_T100_e0014,AUPR_OUT,0.48214285714285715,unsupervised,4,4,8
runB_orth1,42,logits,ODIN_T100_e0014,FPR95,1.0,unsupervised,4,4,8
runB_orth1,42,logits,cosine_max,AUROC,0.375,unsupervised,4,4,8
runB_orth1,42,logits,cosine_max,AUPR_IN,0.48333333333333334,unsupervised,4,4,8
runB_orth1,42,logits,cosine_max,AUPR_OUT,0.5238095238095237,unsupervised,4,4,8
runB_orth1,42,logits,cosine_max,FPR95,1.0,unsupervised,4,4,8
runB_orth1,42,logits,mahalanobis_agnostic,AUROC,0.3125,unsupervised,4,4,8
runB_orth1,42,logits,mahalanobis_agnostic,AUPR_IN,0.4511904761904762,unsupervised,4,4,8
runB_orth1,42,logits,mahalanobis_agnostic,AUPR_OUT,0.5821428571428572,unsupervised,4,4,8
runB_orth1,42,logits,mahalanobis_agnostic,FPR95,1.0,unsupervised,4,4,8
runB_orth1,42,logits,knn_k50,AUROC,0.1875,unsupervised,4,4,8
runB_orth1,42,logits,knn_k50,AUPR_IN,0.4125,unsupervised,4,4,8
runB_orth1,42,logits,knn_k50,AUPR_OUT,0.44047619047619047,unsupervised,4,4,8
runB_orth1,42,logits,knn_k50,FPR95,1.0,unsupervised,4,4,8
runB_orth1,42,z_context,context_predictor_softmax,AUROC,1.0,domain-supervised,4,4,2
runB_orth1,42,z_context,context_predictor_softmax,AUPR_IN,1.0,domain-supervised,4,4,2
runB_orth1,42,z_context,context_predictor_softmax,AUPR_OUT,1.0,domain-supervised,4,4,2
runB_orth1,42,z_context,context_predictor_softmax,FPR95,0.0,domain-supervised,4,4,2
