method,feature_space,detector,metric,supervision,n_seeds,mean,std
baseline_soft,backbone_raw,cosine_max,AUPR_IN,unsupervised,1,0.4303571428571429,0.0
baseline_soft,backbone_raw,cosine_max,AUPR_OUT,unsupervised,1,0.5654761904761905,0.0
baseline_soft,backbone_raw,cosine_max,AUROC,unsupervised,1,0.25,0.0
baseline_soft,backbone_raw,cosine_max,FPR95,unsupervised,1,1.0,0.0
baseline_soft,backbone_raw,knn_k50,AUPR_IN,unsupervised,1,0.4125,0.0
baseline_soft,backbone_raw,knn_k50,AUPR_OUT,unsupervised,1,0.44047619047619047,0.0
baseline_soft,backbone_raw,knn_k50,AUROC,unsupervised,1,0.1875,0.0
baseline_soft,backbone_raw,knn_k50,FPR95,unsupervised,1,1.0,0.0
baseline_soft,backbone_raw,mahalanobis_agnostic,AUPR_IN,unsupervised,1,0.3946428571428572,0.0
baseline_soft,backbone_raw,mahalanobis_agnostic,AUPR_OUT,unsupervised,1,0.3988095238095238,0.0
baseline_soft,backbone_raw,mahalanobis_agnostic,AUROC,unsupervised,1,0.125,0.0
baseline_soft,backbone_raw,mahalanobis_agnostic,FPR95,unsupervised,1,1.0,0.0
baseline_soft,logits,Energy_T1,AUPR_IN,unsupervised,1,0.7708333333333333,0.0
baseline_soft,logits,Energy_T1,AUPR_OUT,unsupervised,1,0.8303571428571428,0.0
baseline_soft,logits,Energy_T1,AUROC,unsupervised,1,0.75,0.0
baseline_soft,logits,Energy_T1,FPR95,unsupervised,1,0.75,0.0
baseline_soft,logits,MSP,AUPR_IN,unsupervised,1,0.7333333333333333,0.0
baseline_soft,logits,MSP,AUPR_OUT,unsupervised,1,0.7928571428571428,0.0
baseline_soft,logits,MSP,AUROC,unsupervised,1,0.6875,0.0
baseline_soft,logits,MSP,FPR95,unsupervised,1,0.75,0.0
baseline_soft,logits,ODIN_T100_e0,AUPR_IN,unsupervised,1,0.7708333333333333,0.0
baseline_soft,logits,ODIN_T100_e0,AUPR_OUT,unsupervised,1,0.8303571428571428,0.0
baseline_soft,logits,ODIN_T100_e0,AUROC,unsupervised,1,0.75,0.0
baseline_soft,logits,ODIN_T100_e0,FPR95,unsupervised,1,0.75,0.0
baseline_soft,logits,ODIN_T100_e0014,AUPR_IN,unsupervised,1,0.7470238095238095,0.0
baseline_soft,logits,ODIN_T100_e0014,AUPR_OUT,unsupervised,1,0.7470238095238095,0.0
baseline_soft,logits,ODIN_T100_e0014,AUROC,unsupervised,1,0.6875,0.0
baseline_soft,logits,ODIN_T100_e0014,FPR95,unsupervised,1,0.75,0.0
baseline_soft,logits,ODIN_T10_e0,AUPR_IN,unsupervised,1,0.7708333333333333,0.0
baseline_soft,logits,ODIN_T10_e0,AUPR_OUT,unsupervised,1,0.8303571428571428,0.0
baseline_soft,logits,ODIN_T10_e0,AUROC,unsupervised,1,0.75,0.0
baseline_soft,logits,ODIN_T10_e0,FPR95,unsupervised,1,0.75,0.0
baseline_soft,logits,ODIN_T10_e0014,AUPR_IN,unsupervised,1,0.7470238095238095,0.0
baseline_soft,logits,ODIN_T10_e0014,AUPR_OUT,unsupervised,1,0.7470238095238095,0.0
baseline_soft,logits,ODIN_T10_e0014,AUROC,unsupervised,1,0.6875,0.0
baseline_soft,logits,ODIN_T10_e0014,FPR95,unsupervised,1,0.75,0.0
baseline_soft,logits,ODIN_T1_e0,AUPR_IN,unsupervised,1,0.7333333333333333,0.0
baseline_soft,logits,ODIN_T1_e0,AUPR_OUT,unsupervised,1,0.7928571428571428,0.0
baseline_soft,logits,ODIN_T1_e0,AUROC,unsupervised,1,0.6875,0.0
baseline_soft,logits,ODIN_T1_e0,FPR95,unsupervised,1,0.75,0.0
baseline_soft,logits,ODIN_T1_e0014,AUPR_IN,unsupervised,1,0.6428571428571428,0.0
baseline_soft,logits,ODIN_T1_e0014,AUPR_OUT,unsupervised,1,0.6428571428571428,0.0
baseline_soft,logits,ODIN_T1_e0014,AUROC,unsupervised,1,0.5,0.0
baseline_soft,logits,ODIN_T1_e0014,FPR95,unsupervised,1,0.75,0.0
baseline_soft,logits,cosine_max,AUPR_IN,unsupervised,1,0.4125,0.0
baseline_soft,logits,cosine_max,AUPR_OUT,unsupervised,1,0.44047619047619047,0.0
baseline_soft,logits,cosine_max,AUROC,unsupervised,1,0.1875,0.0
baseline_soft,logits,cosine_max,FPR95,unsupervised,1,1.0,0.0
baseline_soft,logits,knn_k50,AUPR_IN,unsupervised,1,0.4303571428571429,0.0
baseline_soft,logits,knn_k50,AUPR_OUT,unsupervised,1,0.5654761904761905,0.0
baseline_soft,logits,knn_k50,AUROC,unsupervised,1,0.25,0.0
baseline_soft,logits,knn_k50,FPR95,unsupervised,1,1.0,0.0
baseline_soft,logits,mahalanobis_agnostic,AUPR_IN,unsupervised,1,0.3946428571428572,0.0
baseline_soft,logits,mahalanobis_agnostic,AUPR_OUT,unsupervised,1,0.3988095238095238,0.0
baseline_soft,logits,mahalanobis_agnostic,AUROC,unsupervised,1,0.125,0.0
baseline_soft,logits,mahalanobis_agnostic,FPR95,unsupervised,1,1.0,0.0
effb3_control,backbone_raw,cosine_max,AUPR_IN,unsupervised,1,0.5238095238095237,0.0
effb3_control,backbone_raw,cosine_max,AUPR_OUT,unsupervised,1,0.48333333333333334,0.0
effb3_control,backbone_raw,cosine_max,AUROC,unsupervised,1,0.375,0.0
effb3_control,backbone_raw,cosine_max,FPR95,unsupervised,1,1.0,0.0
effb3_control,backbone_raw,knn_k50,AUPR_IN,unsupervised,1,0.4154761904761905,0.0
effb3_control,backbone_raw,knn_k50,AUPR_OUT,unsupervised,1,0.4154761904761905,0.0
effb3_control,backbone_raw,knn_k50,AUROC,unsupervised,1,0.1875,0.0
effb3_control,backbone_raw,knn_k50,FPR95,unsupervised,1,1.0,0.0
effb3_control,backbone_raw,mahalanobis_agnostic,AUPR_IN,unsupervised,1,0.775,0.0
effb3_control,backbone_raw,mahalanobis_agnostic,AUPR_OUT,unsupervised,1,0.6083333333333333,0.0
effb3_control,backbone_raw,mahalanobis_agnostic,AUROC,unsupervised,1,0.625,0.0
effb3_control,backbone_raw,mahalanobis_agnostic,FPR95,unsupervised,1,0.5,0.0
effb3_control,logits,Energy_T1,AUPR_IN,unsupervised,1,0.7470238095238095,0.0
effb3_control,logits,Energy_T1,AUPR_OUT,unsupervised,1,0.7470238095238095,0.0
effb3_control,logits,Energy_T1,AUROC,unsupervised,1,0.6875,0.0
effb3_control,logits,Energy_T1,FPR95,unsupervised,1,0.75,0.0
effb3_control,logits,MSP,AUPR_IN,unsupervised,1,0.8166666666666667,0.0
effb3_control,logits,MSP,AUPR_OUT,unsupervised,1,0.8166666666666667,0.0
effb3_control,logits,MSP,AUROC,unsupervised,1,0.75,0.0
effb3_control,logits,MSP,FPR95,unsupervised,1,0.5,0.0
effb3_control,logits,ODIN_T100_e0,AUPR_IN,unsupervised,1,0.7708333333333333,0.0
effb3_control,logits,ODIN_T100_e0,AUPR_OUT,unsupervised,1,0.8303571428571428,0.0
effb3_control,logits,ODIN_T100_e0,AUROC,unsupervised,1,0.75,0.0
effb3_control,logits,ODIN_T100_e0,FPR95,unsupervised,1,0.75,0.0
effb3_control,logits,ODIN_T100_e0014,AUPR_IN,unsupervised,1,0.7678571428571428,0.0
effb3_control,logits,ODIN_T100_e0014,AUPR_OUT,unsupervised,1,0.6916666666666667,0.0
effb3_control,logits,ODIN_T100_e0014,AUROC,unsupervised,1,0.625,0.0
effb3_control,logits,ODIN_T100_e0014,FPR95,unsupervised,1,0.5,0.0
effb3_control,logits,ODIN_T10_e0,AUPR_IN,unsupervised,1,0.8541666666666666,0.0
effb3_control,logits,ODIN_T10_e0,AUPR_OUT,unsupervised,1,0.8541666666666666,0.0
effb3_control,logits,ODIN_T10_e0,AUROC,unsupervised,1,0.8125,0.0
effb3_control,logits,ODIN_T10_e0,FPR95,unsupervised,1,0.5,0.0
effb3_control,logits,ODIN_T10_e0014,AUPR_IN,unsupervised,1,0.8303571428571428,0.0
effb3_control,logits,ODIN_T10_e0014,AUPR_OUT,unsupervised,1,0.7708333333333333,0.0
effb3_control,logits,ODIN_T10_e0014,AUROC,unsupervised,1,0.75,0.0
effb3_control,logits,ODIN_T10_e0014,FPR95,unsupervised,1,0.5,0.0
effb3_control,logits,ODIN_T1_e0,AUPR_IN,unsupervised,1,0.8166666666666667,0.0
effb3_control,logits,ODIN_T1_e0,AUPR_OUT,unsupervised,1,0.8166666666666667,0.0
effb3_control,logits,ODIN_T1_e0,AUROC,unsupervised,1,0.75,0.0
effb3_control,logits,ODIN_T1_e0,FPR95,unsupervised,1,0.5,0.0
effb3_control,logits,ODIN_T1_e0014,AUPR_IN,unsupervised,1,0.7470238095238095,0.0
effb3_control,logits,ODIN_T1_e0014,AUPR_OUT,unsupervised,1,0.7470238095238095,0.0
effb3_control,logits,ODIN_T1_e0014,AUROC,unsupervised,1,0.6875,0.0
effb3_control,logits,ODIN_T1_e0014,FPR95,unsupervised,1,0.75,0.0
effb3_control,logits,cosine_max,AUPR_IN,unsupervised,1,0.3946428571428572,0.0
effb3_control,logits,cosine_max,AUPR_OUT,unsupervised,1,0.3988095238095238,0.0
effb3_control,logits,cosine_max,AUROC,unsupervised,1,0.125,0.0
effb3_control,logits,cosine_max,FPR95,unsupervised,1,1.0,0.0
effb3_control,logits,knn_k50,AUPR_IN,unsupervised,1,0.4125,0.0
effb3_control,logits,knn_k50,AUPR_OUT,unsupervised,1,0.44047619047619047,0.0
effb3_control,logits,knn_k50,AUROC,unsupervised,1,0.1875,0.0
effb3_control,logits,knn_k50,FPR95,unsupervised,1,1.0,0.0
effb3_control,logits,mahalanobis_agnostic,AUPR_IN,unsupervised,1,0.3946428571428572,0.0
effb3_control,logits,mahalanobis_agnostic,AUPR_OUT,unsupervised,1,0.3988095238095238,0.0
effb3_control,logits,mahalanobis_agnostic,AUROC,unsupervised,1,0.125,0.0
effb3_control,logits,mahalanobis_agnostic,FPR95,unsupervised,1,1.0,0.0
runB_orth1,backbone_raw_context,cosine_max,AUPR_IN,domain-supervised,1,1.0,0.0
runB_orth1,backbone_raw_context,cosine_max,AUPR_OUT,domain-supervised,1,1.0,0.0
runB_orth1,backbone_raw_context,cosine_max,AUROC,domain-supervised,1,1.0,0.0
runB_orth1,backbone_raw_context,cosine_max,FPR95,domain-supervised,1,0.0,0.0
runB_orth1,backbone_raw_context,knn_k50,AUPR_IN,domain-supervised,1,1.0,0.0
runB_orth1,backbone_raw_context,knn_k50,AUPR_OUT,domain-supervised,1,1.0,0.0
runB_orth1,backbone_raw_context,knn_k50,AUROC,domain-supervised,1,1.0,0.0
runB_orth1,backbone_raw_context,knn_k50,FPR95,domain-supervised,1,0.0,0.0
runB_orth1,backbone_raw_context,mahalanobis_agnostic,AUPR_IN,domain-supervised,1,1.0,0.0
runB_orth1,backbone_raw_context,mahalanobis_agnostic,AUPR_OUT,domain-supervised,1,1.0,0.0
runB_orth1,backbone_raw_context,mahalanobis_agnostic,AUROC,domain-supervised,1,1.0,0.0
runB_orth1,backbone_raw_context,mahalanobis_agnostic,FPR95,domain-supervised,1,0.0,0.0
runB_orth1,backbone_raw_lesion,cosine_max,AUPR_IN,unsupervised,1,0.4303571428571429,0.0
runB_orth1,backbone_raw_lesion,cosine_max,AUPR_OUT,unsupervised,1,0.5654761904761905,0.0
runB_orth1,backbone_raw_lesion,cosine_max,AUROC,unsupervised,1,0.25,0.0
runB_orth1,backbone_raw_lesion,cosine_max,FPR95,unsupervised,1,1.0,0.0
runB_orth1,backbone_raw_lesion,knn_k50,AUPR_IN,unsupervised,1,0.4511904761904762,0.0
runB_orth1,backbone_raw_lesion,knn_k50,AUPR_OUT,unsupervised,1,0.5821428571428572,0.0
runB_orth1,backbone_raw_lesion,knn_k50,AUROC,unsupervised,1,0.3125,0.0
runB_orth1,backbone_raw_lesion,knn_k50,FPR95,unsupervised,1,1.0,0.0
runB_orth1,backbone_raw_lesion,mahalanobis_agnostic,AUPR_IN,unsupervised,1,0.6220238095238095,0.0
runB_orth1,backbone_raw_lesion,mahalanobis_agnostic,AUPR_OUT,unsupervised,1,0.7291666666666666,0.0
runB_orth1,backbone_raw_lesion,mahalanobis_agnostic,AUROC,unsupervised,1,0.625,0.0
runB_orth1,backbone_raw_lesion,mahalanobis_agnostic,FPR95,unsupervised,1,1.0,0.0
runB_orth1,concat_z,cosine_max,AUPR_IN,unsupervised,1,1.0,0.0
runB_orth1,concat_z,cosine_max,AUPR_OUT,unsupervised,1,1.0,0.0
runB_orth1,concat_z,cosine_max,AUROC,unsupervised,1,1.0,0.0
runB_orth1,concat_z,cosine_max,FPR95,unsupervised,1,0.0,0.0
runB_orth1,concat_z,knn_k50,AUPR_IN,unsupervised,1,1.0,0.0
runB_orth1,concat_z,knn_k50,AUPR_OUT,unsupervised,1,1.0,0.0
runB_orth1,concat_z,knn_k50,AUROC,unsupervised,1,1.0,0.0
runB_orth1,concat_z,knn_k50,FPR95,unsupervised,1,0.0,0.0
runB_orth1,concat_z,mahalanobis_agnostic,AUPR_IN,unsupervised,1,1.0,0.0
runB_orth1,concat_z,mahalanobis_agnostic,AUPR_OUT,unsupervised,1,1.0,0.0
runB_orth1,concat_z,mahalanobis_agnostic,AUROC,unsupervised,1,1.0,0.0
runB_orth1,concat_z,mahalanobis_agnostic,FPR95,unsupervised,1,0.0,0.0
runB_orth1,logits,Energy_T1,AUPR_IN,unsupervised,1,0.4125,0.0
runB_orth1,logits,Energy_T1,AUPR_OUT,unsupervised,1,0.44047619047619047,0.0
runB_orth1,logits,Energy_T1,AUROC,unsupervised,1,0.1875,0.0
runB_orth1,logits,Energy_T1,FPR95,unsupervised,1,1.0,0.0
runB_orth1,logits,MSP,AUPR_IN,unsupervised,1,0.4511904761904762,0.0
runB_orth1,logits,MSP,AUPR_OUT,unsupervised,1,0.5821428571428572,0.0
runB_orth1,logits,MSP,AUROC,unsupervised,1,0.3125,0.0
runB_orth1,logits,MSP,FPR95,unsupervised,1,1.0,0.0
runB_orth1,logits,ODIN_T100_e0,AUPR_IN,unsupervised,1,0.4125,0.0
runB_orth1,logits,ODIN_T100_e0,AUPR_OUT,unsupervised,1,0.44047619047619047,0.0
runB_orth1,logits,ODIN_T100_e0,AUROC,unsupervised,1,0.1875,0.0
runB_orth1,logits,ODIN_T100_e0,FPR95,unsupervised,1,1.0,0.0
runB_orth1,logits,ODIN_T100_e0014,AUPR_IN,unsupervised,1,0.4583333333333333,0.0
runB_orth1,logits,ODIN_T100_e0014,AUPR_OUT,unsupervised,1,0.48214285714285715,0.0
runB_orth1,logits,ODIN_T100_e0014,AUROC,unsupervised,1,0.3125,0.0
runB_orth1,logits,ODIN_T100_e0014,FPR95,unsupervised,1,1.0,0.0
runB_orth1,logits,ODIN_T10_e0,AUPR_IN,unsupervised,1,0.4303571428571429,0.0
runB_orth1,logits,ODIN_T10_e0,AUPR_OUT,unsupervised,1,0.5654761904761905,0.0
runB_orth1,logits,ODIN_T10_e0,AUROC,unsupervised,1,0.25,0.0
runB_orth1,logits,ODIN_T10_e0,FPR95,unsupervised,1,1.0,0.0
runB_orth1,logits,ODIN_T10_e0014,AUPR_IN,unsupervised,1,0.4583333333333333,0.0
runB_orth1,logits,ODIN_T10_e0014,AUPR_OUT,unsupervised,1,0.48214285714285715,0.0
runB_orth1,logits,ODIN_T10_e0014,AUROC,unsupervised,1,0.3125,0.0
runB_orth1,logits,ODIN_T10_e0014,FPR95,unsupervised,1,1.0,0.0
runB_orth1,logits,ODIN_T1_e0,AUPR_IN,unsupervised,1,0.4511904761904762,0.0
runB_orth1,logits,ODIN_T1_e0,AUPR_OUT,unsupervised,1,0.5821428571428572,0.0
runB_orth1,logits,ODIN_T1_e0,AUROC,unsupervised,1,0.3125,0.0
runB_orth1,logits,ODIN_T1_e0,FPR95,unsupervised,1,1.0,0.0
runB_orth1,logits,ODIN_T1_e0014,AUPR_IN,unsupervised,1,0.4583333333333333,0.0
runB_orth1,logits,ODIN_T1_e0014,AUPR_OUT,unsupervised,1,0.48214285714285715,0.0
runB_orth1,logits,ODIN_T1_e0014,AUROC,unsupervised,1,0.3125,0.0
runB_orth1,logits,ODIN_T1_e0014,FPR95,unsupervised,1,1.0,0.0
runB_orth1,logits,cosine_max,AUPR_IN,unsupervised,1,0.48333333333333334,0.0
runB_orth1,logits,cosine_max,AUPR_OUT,unsupervised,1,0.5238095238095237,0.0
runB_orth1,logits,cosine_max,AUROC,unsupervised,1,0.375,0.0
runB_orth1,logits,cosine_max,FPR95,unsupervised,1,1.0,0.0
runB_orth1,logits,knn_k50,AUPR_IN,unsupervised,1,0.4125,0.0
runB_orth1,logits,knn_k50,AUPR_OUT,unsupervised,1,0.44047619047619047,0.0
runB_orth1,logits,knn_k50,AUROC,unsupervised,1,0.1875,0.0
runB_orth1,logits,knn_k50,FPR95,unsupervised,1,1.0,0.0
runB_orth1,logits,mahalanobis_agnostic,AUPR_IN,unsupervised,1,0.4511904761904762,0.0
runB_orth1,logits,mahalanobis_agnostic,AUPR_OUT,unsupervised,1,0.5821428571428572,0.0
runB_orth1,logits,mahalanobis_agnostic,AUROC,unsupervised,1,0.3125,0.0
runB_orth1,logits,mahalanobis_agnostic,FPR95,unsupervised,1,1.0,0.0
runB_orth1,z_context,context_predictor_softmax,AUPR_IN,domain-supervised,1,1.0,0.0
runB_orth1,z_context,context_predictor_softmax,AUPR_OUT,domain-supervised,1,1.0,0.0
runB_orth1,z_context,context_predictor_softmax,AUROC,domain-supervised,1,1.0,0.0
runB_orth1,z_context,context_predictor_softmax,FPR95,domain-supervised,1,0.0,0.0
runB_orth1,z_context,cosine_max,AUPR_IN,domain-supervised,1,1.0,0.0
runB_orth1,z_context,cosine_max,AUPR_OUT,domain-supervised,1,1.0,0.0
runB_orth1,z_context,cosine_max,AUROC,domain-supervised,1,1.0,0.0
runB_orth1,z_context,cosine_max,FPR95,domain-supervised,1,0.0,0.0
runB_orth1,z_context,knn_k50,AUPR_IN,domain-supervised,1,1.0,0.0
runB_orth1,z_context,knn_k50,AUPR_OUT,domain-supervised,1,1.0,0.0
runB_orth1,z_context,knn_k50,AUROC,domain-supervised,1,1.0,0.0
runB_orth1,z_context,knn_k50,FPR95,domain-supervised,1,0.0,0.0
runB_orth1,z_context,mahalanobis_agnostic,AUPR_IN,domain-supervised,1,1.0,0.0
runB_orth1,z_context,mahalanobis_agnostic,AUPR_OUT,domain-supervised,1,1.0,0.0
runB_orth1,z_context,mahalanobis_agnostic,AUROC,domain-supervised,1,1.0,0.0
runB_orth1,z_context,mahalanobis_agnostic,FPR95,domain-supervised,1,0.0,0.0
runB_orth1,z_lesion,cosine_max,AUPR_IN,unsupervised,1,0.4125,0.0
runB_orth1,z_lesion,cosine_max,AUPR_OUT,unsupervised,1,0.44047619047619047,0.0
runB_orth1,z_lesion,cosine_max,AUROC,unsupervised,1,0.1875,0.0
runB_orth1,z_lesion,cosine_max,FPR95,unsupervised,1,1.0,0.0
runB_orth1,z_lesion,knn_k50,AUPR_IN,unsupervised,1,0.4125,0.0
runB_orth1,z_lesion,knn_k50,AUPR_OUT,unsupervised,1,0.44047619047619047,0.0
runB_orth1,z_lesion,knn_k50,AUROC,unsupervised,1,0.1875,0.0
runB_orth1,z_lesion,knn_k50,FPR95,unsupervised,1,1.0,0.0
runB_orth1,z_lesion,mahalanobis_agnostic,AUPR_IN,unsupervised,1,0.4511904761904762,0.0
runB_orth1,z_lesion,mahalanobis_agnostic,AUPR_OUT,unsupervised,1,0.5821428571428572,0.0
runB_orth1,z_lesion,mahalanobis_agnostic,AUROC,unsupervised,1,0.3125,0.0
runB_orth1,z_lesion,mahalanobis_agnostic,FPR95,unsupervised,1,1.0,0.0
