epoch,step,train/loss_cls,train/penalty,train/uses_pad_labels,val/acc,val/loss
0,505,,,,0.7061436176300049,0.8267955780029297
0,505,1.0678633451461792,0.017484935000538826,0.0,,
1,1011,,,,0.7345176339149475,0.7353174090385437
1,1011,0.8193070888519287,0.01737457886338234,0.0,,
2,1517,,,,0.7483345866203308,0.6900651454925537
2,1517,0.7191581130027771,0.016795355826616287,0.0,,
3,2023,,,,0.7678263187408447,0.6559227705001831
3,2023,0.6472850441932678,0.016464076936244965,0.0,,
4,2529,,,,0.7747347354888916,0.6320288777351379
4,2529,0.585900068283081,0.016462402418255806,0.0,,
5,3035,,,,0.7865778207778931,0.5956833958625793
5,3035,0.528594970703125,0.016204828396439552,0.0,,
6,3541,,,,0.7976807355880737,0.5847876667976379
6,3541,0.47637221217155457,0.01604130119085312,0.0,,
7,4047,,,,0.8080434203147888,0.5906072854995728
7,4047,0.4292243421077728,0.016033532097935677,0.0,,
8,4553,,,,0.8082901835441589,0.5725892186164856
8,4553,0.38109225034713745,0.016007667407393456,0.0,,
9,5059,,,,0.810263991355896,0.5625795722007751
9,5059,0.3431676924228668,0.015731116756796837,0.0,,
10,5565,,,,0.8221070766448975,0.5789263248443604
10,5565,0.2991076707839966,0.01574457623064518,0.0,,
11,6071,,,,0.8181594014167786,0.5864655375480652
11,6071,0.27656564116477966,0.01564398780465126,0.0,,
12,6577,,,,0.8250678777694702,0.5642274618148804
12,6577,0.2507167160511017,0.015544259920716286,0.0,,
13,7083,,,,0.8191463351249695,0.5907865762710571
13,7083,0.22355350852012634,0.015461117029190063,0.0,,
14,7589,,,,0.8223538398742676,0.6150250434875488
14,7589,0.20376360416412354,0.015325012616813183,0.0,,
15,8095,,,,0.8142116665840149,0.6253030896186829
15,8095,0.18883579969406128,0.015243477188050747,0.0,,
16,8601,,,,0.8245744109153748,0.6096259951591492
16,8601,0.1742801070213318,0.014936869964003563,0.0,,
17,9107,,,,0.8223538398742676,0.6444178223609924
17,9107,0.16755500435829163,0.014816188253462315,0.0,,
18,9613,,,,0.8228472471237183,0.6526621580123901
18,9613,0.1446877419948578,0.014691484160721302,0.0,,
19,10119,,,,0.8270416855812073,0.6547017693519592
19,10119,0.13913199305534363,0.014614908955991268,0.0,,
20,10625,,,,0.8337034583091736,0.6525874733924866
20,10625,0.12862777709960938,0.014468125067651272,0.0,,
21,11131,,,,0.8277819156646729,0.6346432566642761
21,11131,0.11909833550453186,0.014299808070063591,0.0,,
22,11637,,,,0.8238341808319092,0.6781091690063477
22,11637,0.12017709761857986,0.014022900722920895,0.0,,
23,12143,,,,0.8307426571846008,0.6573439836502075
23,12143,0.1127580851316452,0.01390616875141859,0.0,,
24,12649,,,,0.8376511335372925,0.6630746126174927
24,12649,0.09962073713541031,0.01370377466082573,0.0,,
25,13155,,,,0.8319762945175171,0.6549355387687683
25,13155,0.08999595046043396,0.013574253767728806,0.0,,
26,13661,,,,0.841352105140686,0.669047474861145
26,13661,0.09973382204771042,0.013445881195366383,0.0,,
27,14167,,,,0.8337034583091736,0.6872493028640747
27,14167,0.08668327331542969,0.01334368996322155,0.0,,
28,14673,,,,0.8285220861434937,0.7215889096260071
28,14673,0.08042719960212708,0.013198123313486576,0.0,,
29,15179,,,,0.8418455719947815,0.6911842226982117
29,15179,0.08085103332996368,0.013004041276872158,0.0,,
30,15685,,,,0.837157666683197,0.6817886233329773
30,15685,0.07990149408578873,0.012826068326830864,0.0,,
31,16191,,,,0.8381446003913879,0.7141314148902893
31,16191,0.07253460586071014,0.012701178900897503,0.0,,
32,16697,,,,0.8438193798065186,0.6771742105484009
32,16697,0.06952226161956787,0.012377861887216568,0.0,,
33,17203,,,,0.8366641998291016,0.6841997504234314
33,17203,0.06787975877523422,0.012326029129326344,0.0,,
34,17709,,,,0.8411053419113159,0.726827085018158
34,17709,0.07093383371829987,0.012208232656121254,0.0,,
35,18215,,,,0.8398717045783997,0.7409805059432983
35,18215,0.0671035498380661,0.012081987224519253,0.0,,
36,18721,,,,0.8438193798065186,0.7233069539070129
36,18721,0.06593159586191177,0.011950037442147732,0.0,,
37,19227,,,,0.8374043703079224,0.725855827331543
37,19227,0.06614720076322556,0.011836162768304348,0.0,,
38,19733,,,,0.841352105140686,0.7465546727180481
38,19733,0.06163984537124634,0.011629758402705193,0.0,,
39,20239,,,,0.841352105140686,0.7358866333961487
39,20239,0.06015818938612938,0.011433616280555725,0.0,,
