config,method,seed,n_classes,id_acc,id_balanced_acc,id_ece,n_id,n_ood,hold_out,backbone_raw_auroc,backbone_raw_dim,z_lesion_auroc,z_lesion_dim,z_context_auroc,z_context_dim
4a,baseline,42,6,0.8154186795491143,0.6849067556151377,0.08533099429282974,4968,492,"DF,VASC",0.6948527486482594,2048.0,,,,
4a,baseline,52,6,0.8148148148148148,0.6791326153144062,0.09087403655508097,4968,492,"DF,VASC",0.6811254631266119,2048.0,,,,
4a,baseline,62,6,0.8178341384863124,0.6883074331866624,0.0834068304794614,4968,492,"DF,VASC",0.6862288565518504,2048.0,,,,
4a,effb3,42,6,0.8128019323671497,0.7097389125008206,0.08806543252558333,4968,492,"DF,VASC",0.612759874579422,16.0,,,,
4a,effb3,52,6,0.8053542673107891,0.6988584821961576,0.08468444735387673,4968,492,"DF,VASC",0.6134173343545029,16.0,,,,
4a,effb3,62,6,0.8168276972624798,0.7153037767171254,0.10227163982444146,4968,492,"DF,VASC",0.6103611896626213,16.0,,,,
4a,runB_orth1,42,6,0.8047504025764896,0.7089233043797111,0.08227678270779562,4968,492,"DF,VASC",,,0.6377969410732754,16.0,0.6141263435581216,64.0
4a,runB_orth1,52,6,0.8186392914653784,0.7211249267992056,0.09382379412555081,4968,492,"DF,VASC",,,0.6535722935731773,16.0,0.6504879194323344,64.0
4a,runB_orth1,62,6,0.8152173913043478,0.7174178726108811,0.09712194181054878,4968,492,"DF,VASC",,,0.6533521856957701,16.0,0.6586004084678528,64.0
4b,baseline,42,7,0.8312082574377656,0.7261173394848759,0.07408575657841841,4941,628,SCC,0.7014423058330337,2048.0,,,,
4b,baseline,52,7,0.8281724347298117,0.7191509953063585,0.07931074993471895,4941,628,SCC,0.7247291930125803,2048.0,,,,
4b,baseline,62,7,0.7978142076502732,0.6992493451885899,0.07558251290071882,4941,628,SCC,0.626029182570897,2048.0,,,,
4b,effb3,42,7,0.8168386966201174,0.7175262433293232,0.10068061942997261,4941,628,SCC,0.7595783106903499,16.0,,,,
4b,effb3,52,7,0.812588544828982,0.6958385164836992,0.10332272828312881,4941,628,SCC,0.8119929821576128,16.0,,,,
4b,effb3,62,7,0.8087431693989071,0.7095371341287783,0.10468958036254422,4941,628,SCC,0.7969472901253905,16.0,,,,
4b,runB_orth1,42,7,0.8075288403157256,0.722397885738263,0.09218014473616895,4941,628,SCC,,,0.8142352047150001,16.0,0.7385644232516949,64.0
4b,runB_orth1,52,7,0.8206840720501922,0.7218627612053963,0.08966906745106651,4941,628,SCC,,,0.8093355093285484,16.0,0.5723334712666792,64.0
4b,runB_orth1,62,7,0.8131957093705727,0.7143208348732266,0.08744311335115293,4941,628,SCC,,,0.7937641881204582,16.0,0.5094526237629506,64.0
