epoch,step,train/acc_adv,train/acc_cls,train/acc_ctx,train/grl_a,train/grl_progress,train/loss_adv,train/loss_cls,train/loss_ctx,train/loss_epoch,train/loss_orth,train/loss_step,train/loss_supcon,val/acc,val/loss
0,19,,,,,0.0009387815371155739,,,,,,2.841411828994751,,,
0,39,,,,,0.0019269726471975446,,,,,,2.3909878730773926,,,
0,59,,,,,0.0029151637572795153,,,,,,2.089890480041504,,,
0,79,,,,,0.003903354983776808,,,,,,1.6167179346084595,,,
0,99,,,,,0.004891545977443457,,,,,,1.9493067264556885,,,
0,119,,,,,0.0058797369711101055,,,,,,1.7785155773162842,,,
0,139,,,,,0.006867928430438042,,,,,,1.6270177364349365,,,
0,159,,,,,0.00785611942410469,,,,,,1.9752411842346191,,,
0,179,,,,,0.00884431041777134,,,,,,1.912957787513733,,,
0,199,,,,,0.009832501411437988,,,,,,1.9242562055587769,,,
0,219,,,,,0.010820692405104637,,,,,,2.076016902923584,,,
0,239,,,,,0.011808883398771286,,,,,,1.7045564651489258,,,
0,259,,,,,0.01279707532376051,,,,,,1.8588016033172607,,,
0,279,,,,,0.013785266317427158,,,,,,1.8010261058807373,,,
0,299,,,,,0.014773457311093807,,,,,,1.7946449518203735,,,
0,319,,,,,0.01576164737343788,,,,,,1.9295765161514282,,,
0,339,,,,,0.01674984022974968,,,,,,1.766356110572815,,,
0,359,,,,,0.01773803122341633,,,,,,1.691847562789917,,,
0,379,,,,,0.018726222217082977,,,,,,1.923865556716919,,,
0,399,,,,,0.019714413210749626,,,,,,1.915860652923584,,,
0,419,,,,,0.020702604204416275,,,,,,1.9067097902297974,,,
0,439,,,,,0.021690795198082924,,,,,,1.9008816480636597,,,
0,459,,,,,0.022678986191749573,,,,,,1.8956825733184814,,,
0,479,,,,,0.02366717718541622,,,,,,2.1393918991088867,,,
0,499,,,,,0.02465536817908287,,,,,,1.7062811851501465,,,
0,505,,,,,,,,,,,,,0.3539096713066101,1.2111624479293823
0,505,0.7462326884269714,0.5880064368247986,0.970201313495636,0.7405927777290344,,0.5449866652488708,1.3477704524993896,0.0886383131146431,1.9934204816818237,0.012025187723338604,,8.164471626281738,,
1,519,,,,,0.02564355917274952,,,,,,1.6380290985107422,,,
1,539,,,,,0.026631750166416168,,,,,,1.8559411764144897,,,
1,559,,,,,0.027619941160082817,,,,,,1.8794413805007935,,,
1,579,,,,,0.028608132153749466,,,,,,1.7802740335464478,,,
1,599,,,,,0.029596323147416115,,,,,,1.7734432220458984,,,
1,619,,,,,0.030584514141082764,,,,,,1.7195616960525513,,,
1,639,,,,,0.03157270699739456,,,,,,1.9852030277252197,,,
1,659,,,,,0.03256089612841606,,,,,,1.6601613759994507,,,
1,679,,,,,0.03354908898472786,,,,,,2.1022651195526123,,,
1,699,,,,,0.03453727811574936,,,,,,1.9348318576812744,,,
1,719,,,,,0.03552547097206116,,,,,,1.777429461479187,,,
1,739,,,,,0.03651366010308266,,,,,,1.9464372396469116,,,
1,759,,,,,0.037501852959394455,,,,,,1.9770499467849731,,,
1,779,,,,,0.03849004581570625,,,,,,1.8267399072647095,,,
1,799,,,,,0.03947823494672775,,,,,,1.7011308670043945,,,
1,819,,,,,0.04046642780303955,,,,,,1.7685340642929077,,,
1,839,,,,,0.04145461693406105,,,,,,1.7119932174682617,,,
1,859,,,,,0.04244280979037285,,,,,,1.7282428741455078,,,
1,879,,,,,0.04343099892139435,,,,,,1.8149198293685913,,,
1,899,,,,,0.044419191777706146,,,,,,1.7374178171157837,,,
1,919,,,,,0.045407380908727646,,,,,,1.8596165180206299,,,
1,939,,,,,0.046395573765039444,,,,,,2.0499563217163086,,,
1,959,,,,,0.047383762896060944,,,,,,1.574677586555481,,,
1,979,,,,,0.04837195575237274,,,,,,1.820009708404541,,,
1,999,,,,,0.04936014488339424,,,,,,1.758873462677002,,,
1,1011,,,,,,,,,,,,,0.4192039370536804,1.0900843143463135
1,1011,0.6830533742904663,0.6633522510528564,0.9960783123970032,0.9556241035461426,,0.6129060387611389,1.1847609281539917,0.011927264742553234,1.8117326498031616,0.0021390351466834545,,7.783504009246826,,
2,1019,,,,,0.05034833773970604,,,,,,1.819297432899475,,,
2,1039,,,,,0.05133652687072754,,,,,,1.8470323085784912,,,
2,1059,,,,,0.05232471972703934,,,,,,1.7318865060806274,,,
2,1079,,,,,0.05331290885806084,,,,,,2.0958755016326904,,,
2,1099,,,,,0.054301101714372635,,,,,,1.7891278266906738,,,
2,1119,,,,,0.05528929457068443,,,,,,1.6581124067306519,,,
2,1139,,,,,0.05627748370170593,,,,,,1.492888331413269,,,
2,1159,,,,,0.05726567655801773,,,,,,1.601912021636963,,,
2,1179,,,,,0.05825386568903923,,,,,,1.7824691534042358,,,
2,1199,,,,,0.05924205854535103,,,,,,1.818856954574585,,,
2,1219,,,,,0.06023024767637253,,,,,,1.957431435585022,,,
2,1239,,,,,0.061218440532684326,,,,,,1.9231761693954468,,,
2,1259,,,,,0.062206629663705826,,,,,,1.9616364240646362,,,
2,1279,,,,,0.06319481879472733,,,,,,1.8321242332458496,,,
2,1299,,,,,0.06418301165103912,,,,,,1.4891984462738037,,,
2,1319,,,,,0.06517120450735092,,,,,,1.8561639785766602,,,
2,1339,,,,,0.06615939736366272,,,,,,1.6649935245513916,,,
2,1359,,,,,0.06714758276939392,,,,,,1.544295072555542,,,
2,1379,,,,,0.06813577562570572,,,,,,1.8419229984283447,,,
2,1399,,,,,0.06912396848201752,,,,,,1.5608495473861694,,,
2,1419,,,,,0.07011216133832932,,,,,,1.8025554418563843,,,
2,1439,,,,,0.07110035419464111,,,,,,1.738814353942871,,,
2,1459,,,,,0.07208853960037231,,,,,,1.7765898704528809,,,
2,1479,,,,,0.07307673245668411,,,,,,1.5247470140457153,,,
2,1499,,,,,0.07406492531299591,,,,,,1.5133875608444214,,,
2,1517,,,,,,,,,,,,,0.4519879221916199,1.0625842809677124
2,1517,0.656157374382019,0.6947875618934631,0.9974370002746582,0.9859250783920288,,0.633929967880249,1.073931097984314,0.007930735126137733,1.7170002460479736,0.0012076771818101406,,7.781581878662109,,
3,1519,,,,,0.07505311816930771,,,,,,1.5184255838394165,,,
3,1539,,,,,0.07604130357503891,,,,,,1.7703781127929688,,,
3,1559,,,,,0.07702949643135071,,,,,,1.4393194913864136,,,
3,1579,,,,,0.0780176892876625,,,,,,1.578080177307129,,,
3,1599,,,,,0.0790058821439743,,,,,,2.0604734420776367,,,
3,1619,,,,,0.0799940675497055,,,,,,1.7116501331329346,,,
3,1639,,,,,0.0809822604060173,,,,,,1.7911651134490967,,,
3,1659,,,,,0.0819704532623291,,,,,,1.5230966806411743,,,
3,1679,,,,,0.0829586461186409,,,,,,1.972701907157898,,,
3,1699,,,,,0.0839468389749527,,,,,,2.009948492050171,,,
3,1719,,,,,0.0849350243806839,,,,,,1.8036448955535889,,,
3,1739,,,,,0.0859232172369957,,,,,,1.667279601097107,,,
3,1759,,,,,0.0869114100933075,,,,,,1.4575977325439453,,,
3,1779,,,,,0.0878996029496193,,,,,,1.4793568849563599,,,
3,1799,,,,,0.0888877883553505,,,,,,1.603973388671875,,,
3,1819,,,,,0.08987598121166229,,,,,,1.7170500755310059,,,
3,1839,,,,,0.09086417406797409,,,,,,1.872065544128418,,,
3,1859,,,,,0.09185236692428589,,,,,,1.387863278388977,,,
3,1879,,,,,0.09284055233001709,,,,,,1.5028494596481323,,,
3,1899,,,,,0.09382874518632889,,,,,,1.9920800924301147,,,
3,1919,,,,,0.09481693804264069,,,,,,1.648321509361267,,,
3,1939,,,,,0.09580513089895248,,,,,,1.5055902004241943,,,
3,1959,,,,,0.09679331630468369,,,,,,1.8017312288284302,,,
3,1979,,,,,0.09778150916099548,,,,,,2.017720937728882,,,
3,1999,,,,,0.09876970201730728,,,,,,1.5514371395111084,,,
3,2019,,,,,0.09975789487361908,,,,,,1.660935401916504,,,
3,2023,,,,,,,,,,,,,0.4867662787437439,0.9575149416923523
3,2023,0.6369812488555908,0.7235671877861023,0.9981472492218018,0.994429886341095,,0.647596538066864,0.9828611612319946,0.006259854882955551,1.6376252174377441,0.0009072768152691424,,7.911044120788574,,
4,2039,,,,,0.10074608772993088,,,,,,1.612877368927002,,,
4,2059,,,,,0.10173427313566208,,,,,,1.6689832210540771,,,
4,2079,,,,,0.10272246599197388,,,,,,1.376449704170227,,,
4,2099,,,,,0.10371065884828568,,,,,,1.3539354801177979,,,
4,2119,,,,,0.10469885170459747,,,,,,1.617842674255371,,,
4,2139,,,,,0.10568703711032867,,,,,,1.3360295295715332,,,
4,2159,,,,,0.10667522996664047,,,,,,1.5611995458602905,,,
4,2179,,,,,0.10766342282295227,,,,,,1.698999047279358,,,
4,2199,,,,,0.10865161567926407,,,,,,1.2857176065444946,,,
4,2219,,,,,0.10963980108499527,,,,,,1.512768030166626,,,
4,2239,,,,,0.11062799394130707,,,,,,1.678680658340454,,,
4,2259,,,,,0.11161618679761887,,,,,,1.6701619625091553,,,
4,2279,,,,,0.11260437965393066,,,,,,1.6980149745941162,,,
4,2299,,,,,0.11359257251024246,,,,,,1.7083086967468262,,,
4,2319,,,,,0.11458075791597366,,,,,,1.656052589416504,,,
4,2339,,,,,0.11556895077228546,,,,,,1.8073985576629639,,,
4,2359,,,,,0.11655714362859726,,,,,,1.734431266784668,,,
4,2379,,,,,0.11754533648490906,,,,,,1.6604676246643066,,,
4,2399,,,,,0.11853352189064026,,,,,,2.1069722175598145,,,
4,2419,,,,,0.11952171474695206,,,,,,1.527470588684082,,,
4,2439,,,,,0.12050990760326385,,,,,,1.806315541267395,,,
4,2459,,,,,0.12149810045957565,,,,,,1.8623894453048706,,,
4,2479,,,,,0.12248628586530685,,,,,,1.4280623197555542,,,
4,2499,,,,,0.12347447872161865,,,,,,1.6913596391677856,,,
4,2519,,,,,0.12446267157793045,,,,,,1.4190874099731445,,,
4,2529,,,,,,,,,,,,,0.4834328889846802,0.9043377637863159
4,2529,0.6273159384727478,0.7382040619850159,0.9984869360923767,0.9974942207336426,,0.6565011143684387,0.9083183407783508,0.004206341691315174,1.5697358846664429,0.0007091304869391024,,8.04798698425293,,
5,2539,,,,,0.12545086443424225,,,,,,1.5395984649658203,,,
5,2559,,,,,0.12643904983997345,,,,,,1.5491427183151245,,,
5,2579,,,,,0.12742725014686584,,,,,,1.4738134145736694,,,
5,2599,,,,,0.12841543555259705,,,,,,1.6233652830123901,,,
5,2619,,,,,0.12940362095832825,,,,,,1.5840197801589966,,,
5,2639,,,,,0.13039182126522064,,,,,,1.4434651136398315,,,
5,2659,,,,,0.13138000667095184,,,,,,1.3540253639221191,,,
5,2679,,,,,0.13236820697784424,,,,,,1.391634464263916,,,
5,2699,,,,,0.13335639238357544,,,,,,1.4235814809799194,,,
5,2719,,,,,0.13434457778930664,,,,,,1.4673027992248535,,,
5,2739,,,,,0.13533277809619904,,,,,,1.2213102579116821,,,
5,2759,,,,,0.13632096350193024,,,,,,1.5703562498092651,,,
5,2779,,,,,0.13730914890766144,,,,,,1.3419021368026733,,,
5,2799,,,,,0.13829734921455383,,,,,,1.487661361694336,,,
5,2819,,,,,0.13928553462028503,,,,,,1.5685720443725586,,,
5,2839,,,,,0.14027373492717743,,,,,,1.5456622838974,,,
5,2859,,,,,0.14126192033290863,,,,,,1.346374750137329,,,
5,2879,,,,,0.14225010573863983,,,,,,1.5911741256713867,,,
5,2899,,,,,0.14323830604553223,,,,,,1.6566895246505737,,,
5,2919,,,,,0.14422649145126343,,,,,,1.6739697456359863,,,
5,2939,,,,,0.14521469175815582,,,,,,1.7613264322280884,,,
5,2959,,,,,0.14620287716388702,,,,,,1.492034912109375,,,
5,2979,,,,,0.14719106256961823,,,,,,1.333857774734497,,,
5,2999,,,,,0.14817926287651062,,,,,,1.5855237245559692,,,
5,3019,,,,,0.14916744828224182,,,,,,1.5242581367492676,,,
5,3035,,,,,,,,,,,,,0.48912474513053894,0.8659917712211609
5,3035,0.6078310012817383,0.7603754997253418,0.9984869360923767,0.9987710118293762,,0.6629118323326111,0.8367887139320374,0.0047181169502437115,1.5049864053726196,0.0005671779508702457,,8.073539733886719,,
6,3039,,,,,0.15015563368797302,,,,,,1.561996579170227,,,
6,3059,,,,,0.15114383399486542,,,,,,1.6343119144439697,,,
6,3079,,,,,0.15213201940059662,,,,,,1.335356593132019,,,
6,3099,,,,,0.153120219707489,,,,,,1.368292212486267,,,
6,3119,,,,,0.15410840511322021,,,,,,1.4621611833572388,,,
6,3139,,,,,0.15509659051895142,,,,,,1.4138160943984985,,,
6,3159,,,,,0.1560847908258438,,,,,,1.7988941669464111,,,
6,3179,,,,,0.157072976231575,,,,,,1.576506495475769,,,
6,3199,,,,,0.1580611616373062,,,,,,1.3310097455978394,,,
6,3219,,,,,0.1590493619441986,,,,,,1.4519773721694946,,,
6,3239,,,,,0.1600375473499298,,,,,,1.8683433532714844,,,
6,3259,,,,,0.1610257476568222,,,,,,1.4723747968673706,,,
6,3279,,,,,0.1620139330625534,,,,,,1.4815208911895752,,,
6,3299,,,,,0.1630021184682846,,,,,,1.4982072114944458,,,
6,3319,,,,,0.163990318775177,,,,,,1.4664576053619385,,,
6,3339,,,,,0.1649785041809082,,,,,,1.4207892417907715,,,
6,3359,,,,,0.1659667044878006,,,,,,1.3211719989776611,,,
6,3379,,,,,0.1669548898935318,,,,,,1.497683048248291,,,
6,3399,,,,,0.167943075299263,,,,,,1.3066186904907227,,,
6,3419,,,,,0.1689312756061554,,,,,,1.461948037147522,,,
6,3439,,,,,0.1699194610118866,,,,,,1.5352548360824585,,,
6,3459,,,,,0.1709076464176178,,,,,,1.7318861484527588,,,
6,3479,,,,,0.1718958467245102,,,,,,1.43422532081604,,,
6,3499,,,,,0.1728840321302414,,,,,,1.5690640211105347,,,
6,3519,,,,,0.1738722324371338,,,,,,1.4419965744018555,,,
6,3539,,,,,0.174860417842865,,,,,,1.2854526042938232,,,
6,3541,,,,,,,,,,,,,0.5271398425102234,0.8337007761001587
6,3541,0.5976716876029968,0.7747035622596741,0.9990118741989136,0.9993582963943481,,0.6697326898574829,0.7778604030609131,0.002919603604823351,1.4510228633880615,0.0005109193152748048,,7.992588996887207,,
7,3559,,,,,0.1758486032485962,,,,,,1.4483367204666138,,,
7,3579,,,,,0.1768368035554886,,,,,,1.2181862592697144,,,
7,3599,,,,,0.1778249889612198,,,,,,1.4027228355407715,,,
7,3619,,,,,0.17881318926811218,,,,,,1.276958703994751,,,
7,3639,,,,,0.17980137467384338,,,,,,1.2107897996902466,,,
7,3659,,,,,0.18078956007957458,,,,,,1.2517287731170654,,,
7,3679,,,,,0.18177776038646698,,,,,,1.2823867797851562,,,
7,3699,,,,,0.18276594579219818,,,,,,1.4395288228988647,,,
7,3719,,,,,0.18375413119792938,,,,,,1.4244890213012695,,,
7,3739,,,,,0.18474233150482178,,,,,,1.2369917631149292,,,
7,3759,,,,,0.18573051691055298,,,,,,1.3772211074829102,,,
7,3779,,,,,0.18671871721744537,,,,,,1.111595630645752,,,
7,3799,,,,,0.18770690262317657,,,,,,1.2580912113189697,,,
7,3819,,,,,0.18869508802890778,,,,,,1.6342324018478394,,,
7,3839,,,,,0.18968328833580017,,,,,,1.6452280282974243,,,
7,3859,,,,,0.19067147374153137,,,,,,1.2673364877700806,,,
7,3879,,,,,0.19165967404842377,,,,,,1.2385197877883911,,,
7,3899,,,,,0.19264785945415497,,,,,,1.7146482467651367,,,
7,3919,,,,,0.19363604485988617,,,,,,1.7612299919128418,,,
7,3939,,,,,0.19462424516677856,,,,,,1.5367605686187744,,,
7,3959,,,,,0.19561243057250977,,,,,,1.4136899709701538,,,
7,3979,,,,,0.19660061597824097,,,,,,1.6739997863769531,,,
7,3999,,,,,0.19758881628513336,,,,,,1.3345682621002197,,,
7,4019,,,,,0.19857700169086456,,,,,,1.6865278482437134,,,
7,4039,,,,,0.19956520199775696,,,,,,1.345165491104126,,,
7,4047,,,,,,,,,,,,,0.5581786632537842,0.8163461685180664
7,4047,0.587388813495636,0.7910078763961792,0.9987339377403259,0.9996474385261536,,0.674609363079071,0.7126062512397766,0.0033889918122440577,1.3910502195358276,0.000445011246483773,,8.172338485717773,,
8,4059,,,,,0.20055338740348816,,,,,,1.1713192462921143,,,
8,4079,,,,,0.20154157280921936,,,,,,1.2253847122192383,,,
8,4099,,,,,0.20252977311611176,,,,,,1.4175794124603271,,,
8,4119,,,,,0.20351795852184296,,,,,,1.1797146797180176,,,
8,4139,,,,,0.20450615882873535,,,,,,1.4237174987792969,,,
8,4159,,,,,0.20549434423446655,,,,,,1.6763554811477661,,,
8,4179,,,,,0.20648252964019775,,,,,,1.094301462173462,,,
8,4199,,,,,0.20747072994709015,,,,,,1.2550795078277588,,,
8,4219,,,,,0.20845891535282135,,,,,,1.435174584388733,,,
8,4239,,,,,0.20944710075855255,,,,,,1.3867298364639282,,,
8,4259,,,,,0.21043530106544495,,,,,,1.6501038074493408,,,
8,4279,,,,,0.21142348647117615,,,,,,1.2986501455307007,,,
8,4299,,,,,0.21241168677806854,,,,,,1.2193655967712402,,,
8,4319,,,,,0.21339987218379974,,,,,,1.3414007425308228,,,
8,4339,,,,,0.21438805758953094,,,,,,1.3908063173294067,,,
8,4359,,,,,0.21537625789642334,,,,,,1.225071907043457,,,
8,4379,,,,,0.21636444330215454,,,,,,1.372414469718933,,,
8,4399,,,,,0.21735262870788574,,,,,,1.4924943447113037,,,
8,4419,,,,,0.21834082901477814,,,,,,1.32675039768219,,,
8,4439,,,,,0.21932901442050934,,,,,,1.2394858598709106,,,
8,4459,,,,,0.22031721472740173,,,,,,1.4103419780731201,,,
8,4479,,,,,0.22130540013313293,,,,,,1.3885302543640137,,,
8,4499,,,,,0.22229358553886414,,,,,,1.538248896598816,,,
8,4519,,,,,0.22328178584575653,,,,,,1.3596822023391724,,,
8,4539,,,,,0.22426997125148773,,,,,,1.259843349456787,,,
8,4553,,,,,,,,,,,,,0.5193673372268677,0.7799856066703796
8,4553,0.5791131258010864,0.806138813495636,0.9989192485809326,0.9998001456260681,,0.6771032214164734,0.6529849767684937,0.003035980509594083,1.3335672616958618,0.00044222097494639456,,8.186334609985352,,
9,4559,,,,,0.22525817155838013,,,,,,1.4065231084823608,,,
9,4579,,,,,0.22624635696411133,,,,,,1.1877331733703613,,,
9,4599,,,,,0.22723454236984253,,,,,,1.1558709144592285,,,
9,4619,,,,,0.22822274267673492,,,,,,1.3801367282867432,,,
9,4639,,,,,0.22921092808246613,,,,,,1.3494964838027954,,,
9,4659,,,,,0.23019911348819733,,,,,,1.3080393075942993,,,
9,4679,,,,,0.23118731379508972,,,,,,1.321045160293579,,,
9,4699,,,,,0.23217549920082092,,,,,,1.21432363986969,,,
9,4719,,,,,0.23316369950771332,,,,,,1.1095097064971924,,,
9,4739,,,,,0.23415188491344452,,,,,,1.486168622970581,,,
9,4759,,,,,0.23514007031917572,,,,,,1.2169829607009888,,,
9,4779,,,,,0.23612827062606812,,,,,,1.283402442932129,,,
9,4799,,,,,0.23711645603179932,,,,,,1.235222339630127,,,
9,4819,,,,,0.2381046563386917,,,,,,1.1676936149597168,,,
9,4839,,,,,0.2390928417444229,,,,,,1.1872363090515137,,,
9,4859,,,,,0.2400810271501541,,,,,,1.1786596775054932,,,
9,4879,,,,,0.2410692274570465,,,,,,1.2065657377243042,,,
9,4899,,,,,0.2420574128627777,,,,,,1.1625808477401733,,,
9,4919,,,,,0.2430455982685089,,,,,,1.4670686721801758,,,
9,4939,,,,,0.2440337985754013,,,,,,1.2101815938949585,,,
9,4959,,,,,0.2450219839811325,,,,,,1.3126417398452759,,,
9,4979,,,,,0.2460101842880249,,,,,,1.1158546209335327,,,
9,4999,,,,,0.2469983696937561,,,,,,1.10726797580719,,,
9,5019,,,,,0.2479865550994873,,,,,,1.2822717428207397,,,
9,5039,,,,,0.2489747554063797,,,,,,1.068711519241333,,,
9,5059,,,,,0.2499629408121109,,,,,,1.3820945024490356,,,
9,5059,,,,,,,,,,,,,0.5086835026741028,0.7750623822212219
9,5059,0.5707139372825623,0.814105749130249,0.9995059370994568,0.9998819828033447,,0.6810559034347534,0.6217387318611145,0.0015033262316137552,1.3046905994415283,0.0003934984270017594,,8.238821983337402,,
10,5079,,,,,0.2509511411190033,,,,,,1.3457750082015991,,,
10,5099,,,,,0.2519393265247345,,,,,,1.1650128364562988,,,
10,5119,,,,,0.2529275119304657,,,,,,1.2220209836959839,,,
10,5139,,,,,0.2539156973361969,,,,,,1.0332036018371582,,,
10,5159,,,,,0.2549039125442505,,,,,,1.2085199356079102,,,
10,5179,,,,,0.2558920979499817,,,,,,1.3136231899261475,,,
10,5199,,,,,0.2568802833557129,,,,,,1.1811962127685547,,,
10,5219,,,,,0.2578684687614441,,,,,,1.4655625820159912,,,
10,5239,,,,,0.2588566541671753,,,,,,1.0227158069610596,,,
10,5259,,,,,0.2598448395729065,,,,,,1.4431428909301758,,,
10,5279,,,,,0.2608330547809601,,,,,,1.2594594955444336,,,
10,5299,,,,,0.2618212401866913,,,,,,1.5184497833251953,,,
10,5319,,,,,0.2628094255924225,,,,,,1.1139949560165405,,,
10,5339,,,,,0.2637976109981537,,,,,,1.2120341062545776,,,
10,5359,,,,,0.2647857964038849,,,,,,1.2940515279769897,,,
10,5379,,,,,0.2657740116119385,,,,,,1.239641547203064,,,
10,5399,,,,,0.2667621970176697,,,,,,1.1971977949142456,,,
10,5419,,,,,0.2677503824234009,,,,,,1.10716712474823,,,
10,5439,,,,,0.2687385678291321,,,,,,1.173344612121582,,,
10,5459,,,,,0.2697267532348633,,,,,,1.2285916805267334,,,
10,5479,,,,,0.27071496844291687,,,,,,1.1867034435272217,,,
10,5499,,,,,0.27170315384864807,,,,,,1.0101149082183838,,,
10,5519,,,,,0.2726913392543793,,,,,,1.3442001342773438,,,
10,5539,,,,,0.2736795246601105,,,,,,1.3856849670410156,,,
10,5559,,,,,0.2746677100658417,,,,,,1.3097301721572876,,,
10,5565,,,,,,,,,,,,,0.556911826133728,0.7562656998634338
10,5565,0.5606163740158081,0.8309041261672974,0.9988574385643005,0.9999287724494934,,0.6834274530410767,0.562738299369812,0.00275202258490026,1.249294638633728,0.00037738922401331365,,8.380388259887695,,
11,5579,,,,,0.27565592527389526,,,,,,1.092473030090332,,,
11,5599,,,,,0.27664411067962646,,,,,,1.042517900466919,,,
11,5619,,,,,0.27763229608535767,,,,,,1.2112447023391724,,,
11,5639,,,,,0.27862048149108887,,,,,,0.9620558023452759,,,
11,5659,,,,,0.27960866689682007,,,,,,1.0718106031417847,,,
11,5679,,,,,0.28059688210487366,,,,,,1.2532477378845215,,,
11,5699,,,,,0.28158506751060486,,,,,,1.2348655462265015,,,
11,5719,,,,,0.28257325291633606,,,,,,1.4350171089172363,,,
11,5739,,,,,0.28356143832206726,,,,,,1.347394347190857,,,
11,5759,,,,,0.28454962372779846,,,,,,1.0259222984313965,,,
11,5779,,,,,0.28553780913352966,,,,,,1.1509541273117065,,,
11,5799,,,,,0.28652602434158325,,,,,,1.0977956056594849,,,
11,5819,,,,,0.28751420974731445,,,,,,1.4620195627212524,,,
11,5839,,,,,0.28850239515304565,,,,,,1.0298181772232056,,,
11,5859,,,,,0.28949058055877686,,,,,,1.394946575164795,,,
11,5879,,,,,0.29047876596450806,,,,,,1.0073037147521973,,,
11,5899,,,,,0.29146698117256165,,,,,,0.9936301112174988,,,
11,5919,,,,,0.29245516657829285,,,,,,1.1794618368148804,,,
11,5939,,,,,0.29344335198402405,,,,,,0.9722763895988464,,,
11,5959,,,,,0.29443153738975525,,,,,,1.3818719387054443,,,
11,5979,,,,,0.29541972279548645,,,,,,1.0290706157684326,,,
11,5999,,,,,0.29640793800354004,,,,,,1.3575823307037354,,,
11,6019,,,,,0.29739612340927124,,,,,,0.9719036817550659,,,
11,6039,,,,,0.29838430881500244,,,,,,1.007323145866394,,,
11,6059,,,,,0.29937249422073364,,,,,,1.339091181755066,,,
11,6071,,,,,,,,,,,,,0.576446533203125,0.7504733800888062
11,6071,0.5555830001831055,0.8441823124885559,0.9995368123054504,0.9999597668647766,,0.6853294372558594,0.5164219737052917,0.0020898934453725815,1.2042065858840942,0.00036476360401138663,,8.301314353942871,,
12,6079,,,,,0.30036067962646484,,,,,,0.9741500616073608,,,
12,6099,,,,,0.30134889483451843,,,,,,1.0486419200897217,,,
12,6119,,,,,0.30233708024024963,,,,,,1.2421375513076782,,,
12,6139,,,,,0.30332526564598083,,,,,,1.4034039974212646,,,
12,6159,,,,,0.30431345105171204,,,,,,1.3740383386611938,,,
12,6179,,,,,0.30530163645744324,,,,,,1.2659883499145508,,,
12,6199,,,,,0.30628982186317444,,,,,,1.071211814880371,,,
12,6219,,,,,0.307278037071228,,,,,,1.0746957063674927,,,
12,6239,,,,,0.30826622247695923,,,,,,1.2499812841415405,,,
12,6259,,,,,0.30925440788269043,,,,,,1.3075401782989502,,,
12,6279,,,,,0.31024259328842163,,,,,,0.9874757528305054,,,
12,6299,,,,,0.31123077869415283,,,,,,1.2900018692016602,,,
12,6319,,,,,0.3122189939022064,,,,,,1.092903733253479,,,
12,6339,,,,,0.3132071793079376,,,,,,1.1268982887268066,,,
12,6359,,,,,0.3141953647136688,,,,,,0.9367095828056335,,,
12,6379,,,,,0.3151835501194,,,,,,0.9297824501991272,,,
12,6399,,,,,0.3161717355251312,,,,,,1.1192816495895386,,,
12,6419,,,,,0.3171599507331848,,,,,,1.564449667930603,,,
12,6439,,,,,0.318148136138916,,,,,,1.095396876335144,,,
12,6459,,,,,0.3191363215446472,,,,,,0.9656947255134583,,,
12,6479,,,,,0.3201245069503784,,,,,,1.1090683937072754,,,
12,6499,,,,,0.3211126923561096,,,,,,1.1305814981460571,,,
12,6519,,,,,0.3221009075641632,,,,,,0.9154502153396606,,,
12,6539,,,,,0.3230890929698944,,,,,,1.1434133052825928,,,
12,6559,,,,,0.3240772783756256,,,,,,0.9927613139152527,,,
12,6577,,,,,,,,,,,,,0.5785422921180725,0.7417998313903809
12,6577,0.5527111887931824,0.8527668118476868,0.9992897510528564,0.9999690055847168,,0.686008632183075,0.4759727120399475,0.002571595599874854,1.1649088859558105,0.00035555046633817255,,8.287727355957031,,
13,6579,,,,,0.3250654637813568,,,,,,1.0593944787979126,,,
13,6599,,,,,0.326053649187088,,,,,,1.170953392982483,,,
13,6619,,,,,0.3270418643951416,,,,,,1.3050568103790283,,,
13,6639,,,,,0.3280300498008728,,,,,,1.1792850494384766,,,
13,6659,,,,,0.329018235206604,,,,,,1.2416702508926392,,,
13,6679,,,,,0.3300064206123352,,,,,,1.0184597969055176,,,
13,6699,,,,,0.3309946060180664,,,,,,1.1309950351715088,,,
13,6719,,,,,0.3319827914237976,,,,,,1.1290323734283447,,,
13,6739,,,,,0.3329710066318512,,,,,,0.9302273988723755,,,
13,6759,,,,,0.3339591920375824,,,,,,0.929555356502533,,,
13,6779,,,,,0.3349473774433136,,,,,,1.1109200716018677,,,
13,6799,,,,,0.3359355628490448,,,,,,1.3693358898162842,,,
13,6819,,,,,0.336923748254776,,,,,,1.0984865427017212,,,
13,6839,,,,,0.3379119634628296,,,,,,0.9935716986656189,,,
13,6859,,,,,0.3389001488685608,,,,,,1.1239343881607056,,,
13,6879,,,,,0.339888334274292,,,,,,1.0668914318084717,,,
13,6899,,,,,0.3408765196800232,,,,,,1.0511561632156372,,,
13,6919,,,,,0.3418647050857544,,,,,,1.1045666933059692,,,
13,6939,,,,,0.342852920293808,,,,,,0.8757943511009216,,,
13,6959,,,,,0.3438411056995392,,,,,,1.1856036186218262,,,
13,6979,,,,,0.3448292911052704,,,,,,1.249377965927124,,,
13,6999,,,,,0.3458174765110016,,,,,,1.235438585281372,,,
13,7019,,,,,0.3468056619167328,,,,,,1.1367430686950684,,,
13,7039,,,,,0.3477938771247864,,,,,,1.2307833433151245,,,
13,7059,,,,,0.3487820625305176,,,,,,1.2653359174728394,,,
13,7079,,,,,0.3497702479362488,,,,,,1.4149055480957031,,,
13,7083,,,,,,,,,,,,,0.610266387462616,0.7269864082336426
13,7083,0.5426136255264282,0.8642539381980896,0.9991353750228882,0.9999788999557495,,0.6887353658676147,0.43996110558509827,0.0026443854440003633,1.131691336631775,0.0003510366950649768,,8.447126388549805,,
14,7099,,,,,0.35075843334198,,,,,,0.846379816532135,,,
14,7119,,,,,0.3517466187477112,,,,,,0.8455182313919067,,,
14,7139,,,,,0.3527348041534424,,,,,,1.0793919563293457,,,
14,7159,,,,,0.35372301936149597,,,,,,0.9619681239128113,,,
14,7179,,,,,0.3547112047672272,,,,,,1.3998339176177979,,,
14,7199,,,,,0.3556993901729584,,,,,,1.0841825008392334,,,
14,7219,,,,,0.3566875755786896,,,,,,1.2035921812057495,,,
14,7239,,,,,0.3576757609844208,,,,,,1.1276044845581055,,,
14,7259,,,,,0.35866397619247437,,,,,,1.0439295768737793,,,
14,7279,,,,,0.35965216159820557,,,,,,1.0368822813034058,,,
14,7299,,,,,0.36064034700393677,,,,,,1.1021450757980347,,,
14,7319,,,,,0.36162853240966797,,,,,,1.2401772737503052,,,
14,7339,,,,,0.36261671781539917,,,,,,1.033734917640686,,,
14,7359,,,,,0.36360493302345276,,,,,,1.026026725769043,,,
14,7379,,,,,0.36459311842918396,,,,,,0.8541078567504883,,,
14,7399,,,,,0.36558130383491516,,,,,,1.0162433385849,,,
14,7419,,,,,0.36656948924064636,,,,,,1.014817714691162,,,
14,7439,,,,,0.36755767464637756,,,,,,0.8886715173721313,,,
14,7459,,,,,0.36854588985443115,,,,,,1.3043283224105835,,,
14,7479,,,,,0.36953407526016235,,,,,,1.208717703819275,,,
14,7499,,,,,0.37052226066589355,,,,,,1.1407111883163452,,,
14,7519,,,,,0.37151044607162476,,,,,,1.5477817058563232,,,
14,7539,,,,,0.37249863147735596,,,,,,1.0154870748519897,,,
14,7559,,,,,0.37348684668540955,,,,,,1.0511516332626343,,,
14,7579,,,,,0.37447503209114075,,,,,,1.2743823528289795,,,
14,7589,,,,,,,,,,,,,0.5938809514045715,0.7219140529632568
14,7589,0.5397727489471436,0.8774086236953735,0.9992588758468628,0.999992311000824,,0.6886802911758423,0.40563732385635376,0.0026176783721894026,1.0972555875778198,0.00032034399919211864,,8.419875144958496,,
15,7599,,,,,0.37546321749687195,,,,,,1.102817177772522,,,
15,7619,,,,,0.37645140290260315,,,,,,1.196424126625061,,,
15,7639,,,,,0.37743958830833435,,,,,,0.9727713465690613,,,
15,7659,,,,,0.37842777371406555,,,,,,1.2895704507827759,,,
15,7679,,,,,0.37941598892211914,,,,,,1.1075522899627686,,,
15,7699,,,,,0.38040417432785034,,,,,,1.0224027633666992,,,
15,7719,,,,,0.38139235973358154,,,,,,1.126734733581543,,,
15,7739,,,,,0.38238054513931274,,,,,,1.1360337734222412,,,
15,7759,,,,,0.38336873054504395,,,,,,1.105738639831543,,,
15,7779,,,,,0.38435694575309753,,,,,,1.1452786922454834,,,
15,7799,,,,,0.38534513115882874,,,,,,0.9444566369056702,,,
15,7819,,,,,0.38633331656455994,,,,,,1.0244005918502808,,,
15,7839,,,,,0.38732150197029114,,,,,,0.8941727876663208,,,
15,7859,,,,,0.38830968737602234,,,,,,1.0473335981369019,,,
15,7879,,,,,0.3892979025840759,,,,,,0.9850931167602539,,,
15,7899,,,,,0.39028608798980713,,,,,,1.2290477752685547,,,
15,7919,,,,,0.39127427339553833,,,,,,1.0652334690093994,,,
15,7939,,,,,0.39226245880126953,,,,,,0.9295357465744019,,,
15,7959,,,,,0.39325064420700073,,,,,,1.1039749383926392,,,
15,7979,,,,,0.3942388594150543,,,,,,1.1168079376220703,,,
15,7999,,,,,0.3952270448207855,,,,,,1.1134600639343262,,,
15,8019,,,,,0.3962152302265167,,,,,,0.9713107347488403,,,
15,8039,,,,,0.3972034156322479,,,,,,0.8813262581825256,,,
15,8059,,,,,0.3981916010379791,,,,,,0.9062270522117615,,,
15,8079,,,,,0.3991798162460327,,,,,,1.0038684606552124,,,
15,8095,,,,,,,,,,,,,0.5976337194442749,0.7379634976387024
15,8095,0.5385375618934631,0.8836462497711182,0.9996911883354187,0.9999940991401672,,0.6890484690666199,0.37201088666915894,0.001227116328664124,1.0626190900802612,0.0003327957820147276,,8.384618759155273,,
16,8099,,,,,0.4001680016517639,,,,,,1.120646357536316,,,
16,8119,,,,,0.4011561870574951,,,,,,1.1315058469772339,,,
16,8139,,,,,0.4021443724632263,,,,,,1.092362642288208,,,
16,8159,,,,,0.4031325578689575,,,,,,0.9303514361381531,,,
16,8179,,,,,0.4041207432746887,,,,,,1.4896408319473267,,,
16,8199,,,,,0.4051089584827423,,,,,,1.0398341417312622,,,
16,8219,,,,,0.4060971438884735,,,,,,1.1213167905807495,,,
16,8239,,,,,0.4070853292942047,,,,,,0.9747443199157715,,,
16,8259,,,,,0.4080735146999359,,,,,,1.3043760061264038,,,
16,8279,,,,,0.4090617001056671,,,,,,0.8683585524559021,,,
16,8299,,,,,0.4100499153137207,,,,,,1.0113255977630615,,,
16,8319,,,,,0.4110381007194519,,,,,,1.1005127429962158,,,
16,8339,,,,,0.4120262861251831,,,,,,1.005935549736023,,,
16,8359,,,,,0.4130144715309143,,,,,,1.1554450988769531,,,
16,8379,,,,,0.4140026569366455,,,,,,0.9055945873260498,,,
16,8399,,,,,0.4149908721446991,,,,,,1.1387661695480347,,,
16,8419,,,,,0.4159790575504303,,,,,,1.0511434078216553,,,
16,8439,,,,,0.4169672429561615,,,,,,0.891123354434967,,,
16,8459,,,,,0.4179554283618927,,,,,,1.0612627267837524,,,
16,8479,,,,,0.4189436137676239,,,,,,1.2617138624191284,,,
16,8499,,,,,0.4199318289756775,,,,,,1.0841079950332642,,,
16,8519,,,,,0.4209200143814087,,,,,,1.208364725112915,,,
16,8539,,,,,0.4219081997871399,,,,,,1.2277026176452637,,,
16,8559,,,,,0.4228963851928711,,,,,,0.9286642670631409,,,
16,8579,,,,,0.4238845705986023,,,,,,1.042765498161316,,,
16,8599,,,,,0.4248727560043335,,,,,,0.9122484922409058,,,
16,8601,,,,,,,,,,,,,0.6226475834846497,0.7326906323432922
16,8601,0.5336276888847351,0.8905014991760254,0.9991971254348755,0.999998152256012,,0.6900903582572937,0.35319554805755615,0.0024992721155285835,1.04611074924469,0.0003254324255976826,,8.4683256149292,,
17,8619,,,,,0.4258609712123871,,,,,,0.8732779622077942,,,
17,8639,,,,,0.4268491566181183,,,,,,0.8522369265556335,,,
17,8659,,,,,0.4278373420238495,,,,,,0.9241935014724731,,,
17,8679,,,,,0.4288255274295807,,,,,,1.125795602798462,,,
17,8699,,,,,0.4298137128353119,,,,,,1.0050337314605713,,,
17,8719,,,,,0.4308019280433655,,,,,,0.9608796834945679,,,
17,8739,,,,,0.4317901134490967,,,,,,1.080396294593811,,,
17,8759,,,,,0.4327782988548279,,,,,,0.9825409650802612,,,
17,8779,,,,,0.4337664842605591,,,,,,0.9605785012245178,,,
17,8799,,,,,0.4347546696662903,,,,,,1.0336881875991821,,,
17,8819,,,,,0.43574288487434387,,,,,,0.9438133239746094,,,
17,8839,,,,,0.4367310702800751,,,,,,1.03827702999115,,,
17,8859,,,,,0.4377192556858063,,,,,,1.1429673433303833,,,
17,8879,,,,,0.4387074410915375,,,,,,0.9924308061599731,,,
17,8899,,,,,0.4396956264972687,,,,,,1.1989096403121948,,,
17,8919,,,,,0.44068384170532227,,,,,,1.237622857093811,,,
17,8939,,,,,0.44167202711105347,,,,,,0.9427278637886047,,,
17,8959,,,,,0.44266021251678467,,,,,,0.850509524345398,,,
17,8979,,,,,0.44364839792251587,,,,,,1.0979180335998535,,,
17,8999,,,,,0.44463658332824707,,,,,,0.9303017854690552,,,
17,9019,,,,,0.44562479853630066,,,,,,1.258068323135376,,,
17,9039,,,,,0.44661298394203186,,,,,,1.1515579223632812,,,
17,9059,,,,,0.44760116934776306,,,,,,1.0583940744400024,,,
17,9079,,,,,0.44858935475349426,,,,,,0.9492629766464233,,,
17,9099,,,,,0.44957754015922546,,,,,,0.8215445876121521,,,
17,9107,,,,,,,,,,,,,0.6010891199111938,0.7170246839523315
17,9107,0.5326704382896423,0.8998270630836487,0.9996294379234314,0.9999985098838806,,0.6897143125534058,0.3270319998264313,0.001357175875455141,1.0184299945831299,0.00032711203675717115,,8.573238372802734,,
18,9119,,,,,0.45056572556495667,,,,,,0.9286931753158569,,,
18,9139,,,,,0.45155394077301025,,,,,,0.8523005247116089,,,
18,9159,,,,,0.45254212617874146,,,,,,1.328467607498169,,,
18,9179,,,,,0.45353031158447266,,,,,,0.9965493679046631,,,
18,9199,,,,,0.45451849699020386,,,,,,0.9387131333351135,,,
18,9219,,,,,0.45550668239593506,,,,,,0.9392030239105225,,,
18,9239,,,,,0.45649489760398865,,,,,,0.9196574687957764,,,
18,9259,,,,,0.45748308300971985,,,,,,1.0954407453536987,,,
18,9279,,,,,0.45847126841545105,,,,,,0.9703417420387268,,,
18,9299,,,,,0.45945945382118225,,,,,,0.8345010280609131,,,
18,9319,,,,,0.46044763922691345,,,,,,1.1136091947555542,,,
18,9339,,,,,0.46143585443496704,,,,,,1.0870411396026611,,,
18,9359,,,,,0.46242403984069824,,,,,,0.9455263614654541,,,
18,9379,,,,,0.46341222524642944,,,,,,1.4419186115264893,,,
18,9399,,,,,0.46440041065216064,,,,,,1.0937498807907104,,,
18,9419,,,,,0.46538859605789185,,,,,,1.047633409500122,,,
18,9439,,,,,0.46637681126594543,,,,,,1.1295124292373657,,,
18,9459,,,,,0.46736499667167664,,,,,,1.080794095993042,,,
18,9479,,,,,0.46835318207740784,,,,,,0.9153838753700256,,,
18,9499,,,,,0.46934136748313904,,,,,,1.0050580501556396,,,
18,9519,,,,,0.47032955288887024,,,,,,0.9632955193519592,,,
18,9539,,,,,0.47131773829460144,,,,,,1.039263367652893,,,
18,9559,,,,,0.47230595350265503,,,,,,1.047745704650879,,,
18,9579,,,,,0.47329413890838623,,,,,,0.9963546395301819,,,
18,9599,,,,,0.47428232431411743,,,,,,1.1564215421676636,,,
18,9613,,,,,,,,,,,,,0.6335327625274658,0.7248547673225403
18,9613,0.5310338735580444,0.9066823124885559,0.9992280006408691,0.9999995231628418,,0.6900599002838135,0.297139436006546,0.0024437198881059885,0.9899547696113586,0.00031091581331565976,,8.56191349029541,,
19,9619,,,,,0.47527050971984863,,,,,,1.152294635772705,,,
19,9639,,,,,0.47625869512557983,,,,,,0.986758828163147,,,
19,9659,,,,,0.4772469103336334,,,,,,1.1450514793395996,,,
19,9679,,,,,0.4782350957393646,,,,,,0.8822433352470398,,,
19,9699,,,,,0.4792232811450958,,,,,,1.2021507024765015,,,
19,9719,,,,,0.480211466550827,,,,,,0.8943459391593933,,,
19,9739,,,,,0.4811996519565582,,,,,,0.9883427619934082,,,
19,9759,,,,,0.4821878671646118,,,,,,0.9742686748504639,,,
19,9779,,,,,0.483176052570343,,,,,,1.0847922563552856,,,
19,9799,,,,,0.4841642379760742,,,,,,1.0126515626907349,,,
19,9819,,,,,0.4851524233818054,,,,,,0.8985394239425659,,,
19,9839,,,,,0.4861406087875366,,,,,,0.7586051225662231,,,
19,9859,,,,,0.4871288239955902,,,,,,0.9482973217964172,,,
19,9879,,,,,0.4881170094013214,,,,,,1.0862820148468018,,,
19,9899,,,,,0.4891051948070526,,,,,,0.906633734703064,,,
19,9919,,,,,0.4900933802127838,,,,,,0.9935085773468018,,,
19,9939,,,,,0.491081565618515,,,,,,0.9309560656547546,,,
19,9959,,,,,0.4920697808265686,,,,,,0.8849822282791138,,,
19,9979,,,,,0.4930579662322998,,,,,,0.9865424633026123,,,
19,9999,,,,,0.494046151638031,,,,,,0.8596649765968323,,,
19,10019,,,,,0.4950343370437622,,,,,,1.0159814357757568,,,
19,10039,,,,,0.4960225224494934,,,,,,0.8959885239601135,,,
19,10059,,,,,0.4970107078552246,,,,,,0.8195611834526062,,,
19,10079,,,,,0.4979989230632782,,,,,,0.8769074082374573,,,
19,10099,,,,,0.4989871084690094,,,,,,1.0888068675994873,,,
19,10119,,,,,0.4999752938747406,,,,,,1.0314350128173828,,,
19,10119,,,,,,,,,,,,,0.6276219487190247,0.7245955467224121
19,10119,0.5303236246109009,0.9120553135871887,0.9994750618934631,0.9999996423721313,,0.6898695230484009,0.27793678641319275,0.0014420493971556425,0.9695732593536377,0.0003247622516937554,,8.52854061126709,,
20,10139,,,,,0.5009635090827942,,,,,,0.9257717132568359,,,
20,10159,,,,,0.5019516944885254,,,,,,0.798681378364563,,,
20,10179,,,,,0.5029398798942566,,,,,,0.8406550884246826,,,
20,10199,,,,,0.5039280652999878,,,,,,0.962337076663971,,,
20,10219,,,,,0.504916250705719,,,,,,0.9524298310279846,,,
20,10239,,,,,0.5059044361114502,,,,,,0.9044662714004517,,,
20,10259,,,,,0.5068926215171814,,,,,,0.8140280246734619,,,
20,10279,,,,,0.5078808069229126,,,,,,0.834575355052948,,,
20,10299,,,,,0.5088689923286438,,,,,,0.9297868013381958,,,
20,10319,,,,,0.509857177734375,,,,,,1.1199032068252563,,,
20,10339,,,,,0.510845422744751,,,,,,0.8728142976760864,,,
20,10359,,,,,0.5118336081504822,,,,,,0.8472808003425598,,,
20,10379,,,,,0.5128217935562134,,,,,,0.8890623450279236,,,
20,10399,,,,,0.5138099789619446,,,,,,0.8582322001457214,,,
20,10419,,,,,0.5147981643676758,,,,,,0.9648261070251465,,,
20,10439,,,,,0.515786349773407,,,,,,0.9490827918052673,,,
20,10459,,,,,0.5167745351791382,,,,,,0.904395341873169,,,
20,10479,,,,,0.5177627205848694,,,,,,0.8538973331451416,,,
20,10499,,,,,0.5187509059906006,,,,,,0.948316216468811,,,
20,10519,,,,,0.5197390913963318,,,,,,1.1100376844406128,,,
20,10539,,,,,0.5207273364067078,,,,,,1.043615460395813,,,
20,10559,,,,,0.521715521812439,,,,,,0.855772078037262,,,
20,10579,,,,,0.5227037072181702,,,,,,0.9018181562423706,,,
20,10599,,,,,0.5236918926239014,,,,,,0.8785727620124817,,,
20,10619,,,,,0.5246800780296326,,,,,,1.3590087890625,,,
20,10625,,,,,,,,,,,,,0.6178991198539734,0.7252669930458069
20,10625,0.5276679992675781,0.9203310012817383,0.9993824362754822,0.9999998807907104,,0.6902400851249695,0.25637149810791016,0.0015523162437602878,0.9484522938728333,0.0002879301318898797,,8.488490104675293,,
21,10639,,,,,0.5256682634353638,,,,,,0.8733820915222168,,,
21,10659,,,,,0.526656448841095,,,,,,0.9052605032920837,,,
21,10679,,,,,0.5276446342468262,,,,,,1.1755037307739258,,,
21,10699,,,,,0.5286328196525574,,,,,,1.0039701461791992,,,
21,10719,,,,,0.5296210050582886,,,,,,0.8515583872795105,,,
21,10739,,,,,0.5306091904640198,,,,,,0.8844324350357056,,,
21,10759,,,,,0.5315974354743958,,,,,,0.9397192597389221,,,
21,10779,,,,,0.532585620880127,,,,,,0.9345152974128723,,,
21,10799,,,,,0.5335738062858582,,,,,,0.9967837333679199,,,
21,10819,,,,,0.5345619916915894,,,,,,0.8836642503738403,,,
21,10839,,,,,0.5355501770973206,,,,,,1.0189743041992188,,,
21,10859,,,,,0.5365383625030518,,,,,,0.9795032143592834,,,
21,10879,,,,,0.537526547908783,,,,,,0.9385905265808105,,,
21,10899,,,,,0.5385147333145142,,,,,,0.9056065082550049,,,
21,10919,,,,,0.5395029187202454,,,,,,1.104386329650879,,,
21,10939,,,,,0.5404911041259766,,,,,,0.9819880723953247,,,
21,10959,,,,,0.5414793491363525,,,,,,1.0643792152404785,,,
21,10979,,,,,0.5424675345420837,,,,,,0.9674167037010193,,,
21,10999,,,,,0.5434557199478149,,,,,,0.8647942543029785,,,
21,11019,,,,,0.5444439053535461,,,,,,0.8103402853012085,,,
21,11039,,,,,0.5454320907592773,,,,,,0.9348166584968567,,,
21,11059,,,,,0.5464202761650085,,,,,,0.9104586243629456,,,
21,11079,,,,,0.5474084615707397,,,,,,1.1849405765533447,,,
21,11099,,,,,0.548396646976471,,,,,,0.9255321025848389,,,
21,11119,,,,,0.5493848323822021,,,,,,1.0390193462371826,,,
21,11131,,,,,,,,,,,,,0.625386118888855,0.7229969501495361
21,11131,0.524796187877655,0.9215661883354187,0.9994133114814758,0.9999998807907104,,0.690873384475708,0.2534642517566681,0.0015884741442278028,0.9462175965309143,0.0002912775962613523,,8.503227233886719,,
22,11139,,,,,0.5503730177879333,,,,,,1.0236645936965942,,,
22,11159,,,,,0.5513612627983093,,,,,,0.928629994392395,,,
22,11179,,,,,0.5523494482040405,,,,,,0.9915348291397095,,,
22,11199,,,,,0.5533376336097717,,,,,,0.9435723423957825,,,
22,11219,,,,,0.5543258190155029,,,,,,0.8619307279586792,,,
22,11239,,,,,0.5553140044212341,,,,,,0.9832834601402283,,,
22,11259,,,,,0.5563021898269653,,,,,,1.0225586891174316,,,
22,11279,,,,,0.5572903752326965,,,,,,0.802589476108551,,,
22,11299,,,,,0.5582785606384277,,,,,,0.8785195350646973,,,
22,11319,,,,,0.5592667460441589,,,,,,1.0476245880126953,,,
22,11339,,,,,0.5602549314498901,,,,,,0.9623506665229797,,,
22,11359,,,,,0.5612431168556213,,,,,,0.757216215133667,,,
22,11379,,,,,0.5622313618659973,,,,,,0.9381913542747498,,,
22,11399,,,,,0.5632195472717285,,,,,,1.1367937326431274,,,
22,11419,,,,,0.5642077326774597,,,,,,0.9936756491661072,,,
22,11439,,,,,0.5651959180831909,,,,,,0.818536102771759,,,
22,11459,,,,,0.5661841034889221,,,,,,1.0003433227539062,,,
22,11479,,,,,0.5671722888946533,,,,,,0.9132443070411682,,,
22,11499,,,,,0.5681604743003845,,,,,,0.7838147282600403,,,
22,11519,,,,,0.5691486597061157,,,,,,0.8053845167160034,,,
22,11539,,,,,0.5701368451118469,,,,,,0.8831545114517212,,,
22,11559,,,,,0.5711250305175781,,,,,,0.9625194072723389,,,
22,11579,,,,,0.5721132755279541,,,,,,0.8468109965324402,,,
22,11599,,,,,0.5731014609336853,,,,,,0.7854943871498108,,,
22,11619,,,,,0.5740896463394165,,,,,,0.8402747511863708,,,
22,11637,,,,,,,,,,,,,0.6540522575378418,0.7395468950271606
22,11637,0.5243947505950928,0.9282979369163513,0.9994133114814758,0.9999999403953552,,0.6912052631378174,0.23045915365219116,0.0021740905940532684,0.9241094589233398,0.00027072220109403133,,8.503373146057129,,
23,11639,,,,,0.5750778317451477,,,,,,0.8951995372772217,,,
23,11659,,,,,0.5760660171508789,,,,,,0.7627607583999634,,,
23,11679,,,,,0.5770542025566101,,,,,,0.9698978662490845,,,
23,11699,,,,,0.5780423879623413,,,,,,0.7707780003547668,,,
23,11719,,,,,0.5790305733680725,,,,,,1.0789881944656372,,,
23,11739,,,,,0.5800187587738037,,,,,,1.0194796323776245,,,
23,11759,,,,,0.5810069441795349,,,,,,0.8388672471046448,,,
23,11779,,,,,0.5819951295852661,,,,,,0.813312828540802,,,
23,11799,,,,,0.5829833745956421,,,,,,0.8604973554611206,,,
23,11819,,,,,0.5839715600013733,,,,,,1.0703635215759277,,,
23,11839,,,,,0.5849597454071045,,,,,,0.9498714804649353,,,
23,11859,,,,,0.5859479308128357,,,,,,0.8076446056365967,,,
23,11879,,,,,0.5869361162185669,,,,,,1.0305734872817993,,,
23,11899,,,,,0.5879243016242981,,,,,,0.9198619723320007,,,
23,11919,,,,,0.5889124870300293,,,,,,0.9158623814582825,,,
23,11939,,,,,0.5899006724357605,,,,,,0.8118986487388611,,,
23,11959,,,,,0.5908888578414917,,,,,,0.9238819479942322,,,
23,11979,,,,,0.5918770432472229,,,,,,0.9653319120407104,,,
23,11999,,,,,0.5928652882575989,,,,,,0.997043251991272,,,
23,12019,,,,,0.5938534736633301,,,,,,0.8682937026023865,,,
23,12039,,,,,0.5948416590690613,,,,,,0.8714461922645569,,,
23,12059,,,,,0.5958298444747925,,,,,,0.959577739238739,,,
23,12079,,,,,0.5968180298805237,,,,,,0.9346592426300049,,,
23,12099,,,,,0.5978062152862549,,,,,,0.849746823310852,,,
23,12119,,,,,0.5987944006919861,,,,,,0.8419328331947327,,,
23,12139,,,,,0.5997825860977173,,,,,,0.9953047037124634,,,
23,12143,,,,,,,,,,,,,0.6223400235176086,0.7516493201255798
23,12143,0.5243947505950928,0.9298418760299683,0.9995368123054504,0.9999999403953552,,0.6910011172294617,0.22387100756168365,0.0013182763941586018,0.916478157043457,0.00028737340471707284,,8.407754898071289,,
24,12159,,,,,0.6007707715034485,,,,,,0.7717788815498352,,,
24,12179,,,,,0.6017589569091797,,,,,,0.8166082501411438,,,
24,12199,,,,,0.6027471423149109,,,,,,0.7758362889289856,,,
24,12219,,,,,0.6037353873252869,,,,,,0.7850561141967773,,,
24,12239,,,,,0.6047235727310181,,,,,,1.0230990648269653,,,
24,12259,,,,,0.6057117581367493,,,,,,0.8311201333999634,,,
24,12279,,,,,0.6066999435424805,,,,,,0.7908556461334229,,,
24,12299,,,,,0.6076881289482117,,,,,,1.0112309455871582,,,
24,12319,,,,,0.6086763143539429,,,,,,0.8552863597869873,,,
24,12339,,,,,0.6096644997596741,,,,,,0.8442155122756958,,,
24,12359,,,,,0.6106526851654053,,,,,,0.9372729063034058,,,
24,12379,,,,,0.6116408705711365,,,,,,0.78404700756073,,,
24,12399,,,,,0.6126290559768677,,,,,,0.8309982419013977,,,
24,12419,,,,,0.6136173009872437,,,,,,0.9995333552360535,,,
24,12439,,,,,0.6146054863929749,,,,,,0.886313259601593,,,
24,12459,,,,,0.615593671798706,,,,,,1.1169668436050415,,,
24,12479,,,,,0.6165818572044373,,,,,,0.8214045763015747,,,
24,12499,,,,,0.6175700426101685,,,,,,0.9141746163368225,,,
24,12519,,,,,0.6185582280158997,,,,,,0.9743440747261047,,,
24,12539,,,,,0.6195464134216309,,,,,,0.9174820184707642,,,
24,12559,,,,,0.6205345988273621,,,,,,1.1072739362716675,,,
24,12579,,,,,0.6215227842330933,,,,,,0.8380730152130127,,,
24,12599,,,,,0.6225109696388245,,,,,,0.9217334389686584,,,
24,12619,,,,,0.6234991550445557,,,,,,0.8091384768486023,,,
24,12639,,,,,0.6244874000549316,,,,,,0.9771556258201599,,,
24,12649,,,,,,,,,,,,,0.6746624708175659,0.741472601890564
24,12649,0.5271739363670349,0.9349061250686646,0.9995676875114441,0.9999999403953552,,0.6910133361816406,0.20728270709514618,0.001418335479684174,0.8999758958816528,0.0002619654987938702,,8.643550872802734,,
25,12659,,,,,0.6254755854606628,,,,,,0.9267639517784119,,,
25,12679,,,,,0.626463770866394,,,,,,0.7927889227867126,,,
25,12699,,,,,0.6274519562721252,,,,,,0.7601919770240784,,,
25,12719,,,,,0.6284401416778564,,,,,,0.8010039329528809,,,
25,12739,,,,,0.6294283270835876,,,,,,0.8366754055023193,,,
25,12759,,,,,0.6304165124893188,,,,,,1.1439030170440674,,,
25,12779,,,,,0.63140469789505,,,,,,0.8154999017715454,,,
25,12799,,,,,0.6323928833007812,,,,,,0.8671051859855652,,,
25,12819,,,,,0.6333810687065125,,,,,,0.9521033763885498,,,
25,12839,,,,,0.6343693137168884,,,,,,0.9489680528640747,,,
25,12859,,,,,0.6353574991226196,,,,,,0.8379424214363098,,,
25,12879,,,,,0.6363456845283508,,,,,,0.9148452877998352,,,
25,12899,,,,,0.637333869934082,,,,,,0.7893077731132507,,,
25,12919,,,,,0.6383220553398132,,,,,,0.946341872215271,,,
25,12939,,,,,0.6393102407455444,,,,,,0.847953200340271,,,
25,12959,,,,,0.6402984261512756,,,,,,1.0786222219467163,,,
25,12979,,,,,0.6412866115570068,,,,,,1.1133443117141724,,,
25,12999,,,,,0.642274796962738,,,,,,0.8979964256286621,,,
25,13019,,,,,0.6432629823684692,,,,,,0.8396561741828918,,,
25,13039,,,,,0.6442512273788452,,,,,,0.8316868543624878,,,
25,13059,,,,,0.6452394127845764,,,,,,0.8782491087913513,,,
25,13079,,,,,0.6462275981903076,,,,,,0.9398735761642456,,,
25,13099,,,,,0.6472157835960388,,,,,,0.8777325749397278,,,
25,13119,,,,,0.64820396900177,,,,,,0.9156609177589417,,,
25,13139,,,,,0.6491921544075012,,,,,,0.8489777445793152,,,
25,13155,,,,,,,,,,,,,0.623230516910553,0.7525977492332458
25,13155,0.5250741243362427,0.9357707500457764,0.9999691247940063,0.9999999403953552,,0.6914082169532776,0.1982269585132599,0.00014165461470838636,0.8900197148323059,0.00024265886167995632,,8.527868270874023,,
26,13159,,,,,0.6501803398132324,,,,,,1.0974692106246948,,,
26,13179,,,,,0.6511685252189636,,,,,,0.8919355869293213,,,
26,13199,,,,,0.6521567106246948,,,,,,0.8978652358055115,,,
26,13219,,,,,0.653144896030426,,,,,,0.8285797834396362,,,
26,13239,,,,,0.6541330814361572,,,,,,0.9539509415626526,,,
26,13259,,,,,0.6551213264465332,,,,,,0.847633421421051,,,
26,13279,,,,,0.6561095118522644,,,,,,1.032910704612732,,,
26,13299,,,,,0.6570976972579956,,,,,,0.8761422038078308,,,
26,13319,,,,,0.6580858826637268,,,,,,0.8452678918838501,,,
26,13339,,,,,0.659074068069458,,,,,,0.8355614542961121,,,
26,13359,,,,,0.6600622534751892,,,,,,0.9244573712348938,,,
26,13379,,,,,0.6610504388809204,,,,,,0.923434853553772,,,
26,13399,,,,,0.6620386242866516,,,,,,0.8718799948692322,,,
26,13419,,,,,0.6630268096923828,,,,,,0.8103439211845398,,,
26,13439,,,,,0.664014995098114,,,,,,0.8180818557739258,,,
26,13459,,,,,0.66500324010849,,,,,,0.7915969491004944,,,
26,13479,,,,,0.6659914255142212,,,,,,0.8349018096923828,,,
26,13499,,,,,0.6669796109199524,,,,,,0.7506285309791565,,,
26,13519,,,,,0.6679677963256836,,,,,,1.016899824142456,,,
26,13539,,,,,0.6689559817314148,,,,,,0.8341235518455505,,,
26,13559,,,,,0.669944167137146,,,,,,0.9155488610267639,,,
26,13579,,,,,0.6709323525428772,,,,,,0.9234660863876343,,,
26,13599,,,,,0.6719205379486084,,,,,,0.7631486654281616,,,
26,13619,,,,,0.6729087233543396,,,,,,0.9127653241157532,,,
26,13639,,,,,0.6738969087600708,,,,,,0.7872260808944702,,,
26,13659,,,,,0.674885094165802,,,,,,0.7532638907432556,,,
26,13661,,,,,,,,,,,,,0.6413403749465942,0.745430588722229
26,13661,0.5229434370994568,0.9426877498626709,0.999752938747406,0.9999999403953552,,0.6916123032569885,0.18804776668548584,0.0009433458326384425,0.880840539932251,0.00023708077787887305,,8.569941520690918,,
27,13679,,,,,0.675873339176178,,,,,,0.8849254846572876,,,
27,13699,,,,,0.6768615245819092,,,,,,0.758124828338623,,,
27,13719,,,,,0.6778497099876404,,,,,,0.9133015275001526,,,
27,13739,,,,,0.6788378953933716,,,,,,0.9033278822898865,,,
27,13759,,,,,0.6798260807991028,,,,,,0.9250622391700745,,,
27,13779,,,,,0.680814266204834,,,,,,0.9391438961029053,,,
27,13799,,,,,0.6818024516105652,,,,,,0.8204442262649536,,,
27,13819,,,,,0.6827906370162964,,,,,,1.0758756399154663,,,
27,13839,,,,,0.6837788224220276,,,,,,1.0485700368881226,,,
27,13859,,,,,0.6847670078277588,,,,,,0.947290301322937,,,
27,13879,,,,,0.6857552528381348,,,,,,0.7861676812171936,,,
27,13899,,,,,0.686743438243866,,,,,,0.8560462594032288,,,
27,13919,,,,,0.6877316236495972,,,,,,0.8543761372566223,,,
27,13939,,,,,0.6887198090553284,,,,,,0.785873293876648,,,
27,13959,,,,,0.6897079944610596,,,,,,0.8016913533210754,,,
27,13979,,,,,0.6906961798667908,,,,,,0.7954513430595398,,,
27,13999,,,,,0.691684365272522,,,,,,0.8083928823471069,,,
27,14019,,,,,0.6926725506782532,,,,,,0.7824009656906128,,,
27,14039,,,,,0.6936607360839844,,,,,,0.8435970544815063,,,
27,14059,,,,,0.6946489214897156,,,,,,0.8171323537826538,,,
27,14079,,,,,0.6956371068954468,,,,,,1.1844661235809326,,,
27,14099,,,,,0.6966253519058228,,,,,,1.042845368385315,,,
27,14119,,,,,0.697613537311554,,,,,,0.7603851556777954,,,
27,14139,,,,,0.6986017227172852,,,,,,0.8269591331481934,,,
27,14159,,,,,0.6995899081230164,,,,,,0.8539019823074341,,,
27,14167,,,,,,,,,,,,,0.664635181427002,0.7322277426719666
27,14167,0.5197937488555908,0.9435523748397827,0.9991044998168945,0.9999999403953552,,0.6914979219436646,0.1801644116640091,0.0027006117161363363,0.8746194839477539,0.00025649715098552406,,8.664448738098145,,
28,14179,,,,,0.7005780935287476,,,,,,0.9806135296821594,,,
28,14199,,,,,0.7015662789344788,,,,,,0.9537900686264038,,,
28,14219,,,,,0.70255446434021,,,,,,0.9362024068832397,,,
28,14239,,,,,0.7035426497459412,,,,,,0.752070426940918,,,
28,14259,,,,,0.7045308351516724,,,,,,0.8879091143608093,,,
28,14279,,,,,0.7055190205574036,,,,,,0.751305103302002,,,
28,14299,,,,,0.7065072655677795,,,,,,0.9008104205131531,,,
28,14319,,,,,0.7074954509735107,,,,,,0.9171220660209656,,,
28,14339,,,,,0.7084836363792419,,,,,,0.76405930519104,,,
28,14359,,,,,0.7094718217849731,,,,,,0.9430158734321594,,,
28,14379,,,,,0.7104600071907043,,,,,,0.8573545217514038,,,
28,14399,,,,,0.7114481925964355,,,,,,0.9204707145690918,,,
28,14419,,,,,0.7124363780021667,,,,,,0.9303696155548096,,,
28,14439,,,,,0.713424563407898,,,,,,0.8881222605705261,,,
28,14459,,,,,0.7144127488136292,,,,,,1.0639170408248901,,,
28,14479,,,,,0.7154009342193604,,,,,,0.8014485836029053,,,
28,14499,,,,,0.7163891792297363,,,,,,0.8206472992897034,,,
28,14519,,,,,0.7173773646354675,,,,,,0.7373958230018616,,,
28,14539,,,,,0.7183655500411987,,,,,,1.0647046566009521,,,
28,14559,,,,,0.7193537354469299,,,,,,0.8782947659492493,,,
28,14579,,,,,0.7203419208526611,,,,,,0.9191371202468872,,,
28,14599,,,,,0.7213301062583923,,,,,,0.7227922081947327,,,
28,14619,,,,,0.7223182916641235,,,,,,0.8474421501159668,,,
28,14639,,,,,0.7233064770698547,,,,,,0.7379035949707031,,,
28,14659,,,,,0.7242946624755859,,,,,,0.7797098159790039,,,
28,14673,,,,,,,,,,,,,0.6458132266998291,0.7693282961845398
28,14673,0.5213068127632141,0.9463315010070801,0.9996294379234314,0.9999999403953552,,0.6914075016975403,0.16670115292072296,0.0015746854478493333,0.8599269390106201,0.0002434152120258659,,8.539209365844727,,
29,14679,,,,,0.7252828478813171,,,,,,0.7326313257217407,,,
29,14699,,,,,0.7262710332870483,,,,,,1.0603035688400269,,,
29,14719,,,,,0.7272592782974243,,,,,,0.8737648129463196,,,
29,14739,,,,,0.7282474637031555,,,,,,0.8705587983131409,,,
29,14759,,,,,0.7292356491088867,,,,,,0.8363519906997681,,,
29,14779,,,,,0.7302238345146179,,,,,,0.7165985703468323,,,
29,14799,,,,,0.7312120199203491,,,,,,0.8445597290992737,,,
29,14819,,,,,0.7322002053260803,,,,,,0.7984415292739868,,,
29,14839,,,,,0.7331883907318115,,,,,,0.8152472376823425,,,
29,14859,,,,,0.7341765761375427,,,,,,0.8734238743782043,,,
29,14879,,,,,0.7351647615432739,,,,,,0.8859246373176575,,,
29,14899,,,,,0.7361529469490051,,,,,,0.8525912761688232,,,
29,14919,,,,,0.7371411919593811,,,,,,0.8223807215690613,,,
29,14939,,,,,0.7381293773651123,,,,,,0.8502026796340942,,,
29,14959,,,,,0.7391175627708435,,,,,,1.001747727394104,,,
29,14979,,,,,0.7401057481765747,,,,,,0.7938253879547119,,,
29,14999,,,,,0.7410939335823059,,,,,,0.9529989361763,,,
29,15019,,,,,0.7420821189880371,,,,,,1.0005725622177124,,,
29,15039,,,,,0.7430703043937683,,,,,,0.9087195992469788,,,
29,15059,,,,,0.7440584897994995,,,,,,0.9172972440719604,,,
29,15079,,,,,0.7450466752052307,,,,,,0.9769964218139648,,,
29,15099,,,,,0.7460348606109619,,,,,,0.8004128336906433,,,
29,15119,,,,,0.7470230460166931,,,,,,0.8006088137626648,,,
29,15139,,,,,0.7480112910270691,,,,,,0.8447079062461853,,,
29,15159,,,,,0.7489994764328003,,,,,,0.8120189905166626,,,
29,15179,,,,,0.7499876618385315,,,,,,0.9777827262878418,,,
29,15179,,,,,,,,,,,,,0.6598581075668335,0.7287700176239014
29,15179,0.5229125618934631,0.9502840638160706,0.9994133114814758,0.9999999403953552,,0.6913214325904846,0.16298678517341614,0.0017434576293453574,0.8562759160995483,0.00022438396990764886,,8.534245491027832,,
30,15199,,,,,0.7509758472442627,,,,,,0.8102043271064758,,,
30,15219,,,,,0.7519640326499939,,,,,,0.9422833919525146,,,
30,15239,,,,,0.7529522180557251,,,,,,0.7096095681190491,,,
30,15259,,,,,0.7539404034614563,,,,,,0.997687041759491,,,
30,15279,,,,,0.7549285888671875,,,,,,1.091738224029541,,,
30,15299,,,,,0.7559167742729187,,,,,,0.7483341693878174,,,
30,15319,,,,,0.7569049596786499,,,,,,0.7902824878692627,,,
30,15339,,,,,0.7578932046890259,,,,,,0.7718364000320435,,,
30,15359,,,,,0.7588813900947571,,,,,,0.8897601366043091,,,
30,15379,,,,,0.7598695755004883,,,,,,0.8607147336006165,,,
30,15399,,,,,0.7608577609062195,,,,,,0.9138858914375305,,,
30,15419,,,,,0.7618459463119507,,,,,,0.8073198199272156,,,
30,15439,,,,,0.7628341317176819,,,,,,0.8483683466911316,,,
30,15459,,,,,0.7638223171234131,,,,,,0.7453362345695496,,,
30,15479,,,,,0.7648105025291443,,,,,,0.9067143797874451,,,
30,15499,,,,,0.7657986879348755,,,,,,1.0460561513900757,,,
30,15519,,,,,0.7667868733406067,,,,,,0.940916121006012,,,
30,15539,,,,,0.7677750587463379,,,,,,0.8214746713638306,,,
30,15559,,,,,0.7687633037567139,,,,,,0.853155255317688,,,
30,15579,,,,,0.7697514891624451,,,,,,0.7825417518615723,,,
30,15599,,,,,0.7707396745681763,,,,,,0.7193783521652222,,,
30,15619,,,,,0.7717278599739075,,,,,,0.7846342921257019,,,
30,15639,,,,,0.7727160453796387,,,,,,0.7566559314727783,,,
30,15659,,,,,0.7737042307853699,,,,,,0.8842170834541321,,,
30,15679,,,,,0.7746924161911011,,,,,,0.7905222773551941,,,
30,15685,,,,,,,,,,,,,0.6563130617141724,0.7156391143798828
30,15685,0.5188982486724854,0.9505928754806519,0.9997220635414124,0.9999999403953552,,0.6914865970611572,0.15902341902256012,0.0010194918140769005,0.8517424464225769,0.00021353067131713033,,8.653633117675781,,
31,15699,,,,,0.7756806015968323,,,,,,1.0300616025924683,,,
31,15719,,,,,0.7766687870025635,,,,,,0.8004059791564941,,,
31,15739,,,,,0.7776569724082947,,,,,,0.9366506338119507,,,
31,15759,,,,,0.7786452174186707,,,,,,0.7602189183235168,,,
31,15779,,,,,0.7796334028244019,,,,,,0.9064686894416809,,,
31,15799,,,,,0.7806215882301331,,,,,,0.7454929947853088,,,
31,15819,,,,,0.7816097736358643,,,,,,0.8413993120193481,,,
31,15839,,,,,0.7825979590415955,,,,,,0.8244800567626953,,,
31,15859,,,,,0.7835861444473267,,,,,,0.8674545288085938,,,
31,15879,,,,,0.7845743298530579,,,,,,0.8576289415359497,,,
31,15899,,,,,0.7855625152587891,,,,,,0.8561053276062012,,,
31,15919,,,,,0.7865507006645203,,,,,,0.7978841662406921,,,
31,15939,,,,,0.7875388860702515,,,,,,0.8231227993965149,,,
31,15959,,,,,0.7885270714759827,,,,,,0.729690670967102,,,
31,15979,,,,,0.7895153164863586,,,,,,0.7738687992095947,,,
31,15999,,,,,0.7905035018920898,,,,,,0.9625898003578186,,,
31,16019,,,,,0.791491687297821,,,,,,0.8658237457275391,,,
31,16039,,,,,0.7924798727035522,,,,,,0.7916122674942017,,,
31,16059,,,,,0.7934680581092834,,,,,,0.8198442459106445,,,
31,16079,,,,,0.7944562435150146,,,,,,0.72889244556427,,,
31,16099,,,,,0.7954444289207458,,,,,,0.8444883227348328,,,
31,16119,,,,,0.796432614326477,,,,,,0.7580495476722717,,,
31,16139,,,,,0.7974207997322083,,,,,,0.7192478775978088,,,
31,16159,,,,,0.7984089851379395,,,,,,0.7261486649513245,,,
31,16179,,,,,0.7993972301483154,,,,,,0.7964750528335571,,,
31,16191,,,,,,,,,,,,,0.6719716787338257,0.715512752532959
31,16191,0.5222640633583069,0.9566452503204346,0.9996294379234314,0.9999999403953552,,0.6912586688995361,0.14471666514873505,0.001264228136278689,0.8374667167663574,0.00022710385383106768,,8.65175724029541,,
32,16199,,,,,0.8003854155540466,,,,,,0.7739063501358032,,,
32,16219,,,,,0.8013736009597778,,,,,,0.771142303943634,,,
32,16239,,,,,0.802361786365509,,,,,,0.8352809548377991,,,
32,16259,,,,,0.8033499717712402,,,,,,0.8102076053619385,,,
32,16279,,,,,0.8043381571769714,,,,,,0.8855975270271301,,,
32,16299,,,,,0.8053263425827026,,,,,,0.8371305465698242,,,
32,16319,,,,,0.8063145279884338,,,,,,0.7876954078674316,,,
32,16339,,,,,0.807302713394165,,,,,,0.7734233140945435,,,
32,16359,,,,,0.8082908987998962,,,,,,0.8084954619407654,,,
32,16379,,,,,0.8092791438102722,,,,,,0.8019333481788635,,,
32,16399,,,,,0.8102673292160034,,,,,,1.0306226015090942,,,
32,16419,,,,,0.8112555146217346,,,,,,0.9641011953353882,,,
32,16439,,,,,0.8122437000274658,,,,,,0.8779786229133606,,,
32,16459,,,,,0.813231885433197,,,,,,0.7098504900932312,,,
32,16479,,,,,0.8142200708389282,,,,,,0.9262598752975464,,,
32,16499,,,,,0.8152082562446594,,,,,,0.7351492047309875,,,
32,16519,,,,,0.8161964416503906,,,,,,0.7543160319328308,,,
32,16539,,,,,0.8171846270561218,,,,,,0.8840068578720093,,,
32,16559,,,,,0.818172812461853,,,,,,0.8312270045280457,,,
32,16579,,,,,0.8191609978675842,,,,,,0.9014847874641418,,,
32,16599,,,,,0.8201492428779602,,,,,,0.8283282518386841,,,
32,16619,,,,,0.8211374282836914,,,,,,0.8582364916801453,,,
32,16639,,,,,0.8221256136894226,,,,,,0.8191636204719543,,,
32,16659,,,,,0.8231137990951538,,,,,,0.7792909741401672,,,
32,16679,,,,,0.824101984500885,,,,,,1.1183226108551025,,,
32,16697,,,,,,,,,,,,,0.6675365567207336,0.7465751767158508
32,16697,0.5258461236953735,0.9571393132209778,0.9994133114814758,1.0,,0.6912553906440735,0.13798178732395172,0.0017815014580264688,0.8312316536903381,0.00021290458971634507,,8.584193229675293,,
33,16699,,,,,0.8250901699066162,,,,,,0.8368104696273804,,,
33,16719,,,,,0.8260783553123474,,,,,,0.9994107484817505,,,
33,16739,,,,,0.8270665407180786,,,,,,0.7937904596328735,,,
33,16759,,,,,0.8280547261238098,,,,,,0.7153910994529724,,,
33,16779,,,,,0.829042911529541,,,,,,0.8126580715179443,,,
33,16799,,,,,0.830031156539917,,,,,,0.7979620099067688,,,
33,16819,,,,,0.8310193419456482,,,,,,0.9401002526283264,,,
33,16839,,,,,0.8320075273513794,,,,,,0.8154073357582092,,,
33,16859,,,,,0.8329957127571106,,,,,,0.7265057563781738,,,
33,16879,,,,,0.8339838981628418,,,,,,0.8036896586418152,,,
33,16899,,,,,0.834972083568573,,,,,,0.7609453201293945,,,
33,16919,,,,,0.8359602689743042,,,,,,0.7395065426826477,,,
33,16939,,,,,0.8369484543800354,,,,,,0.8239830732345581,,,
33,16959,,,,,0.8379366397857666,,,,,,0.786639392375946,,,
33,16979,,,,,0.8389248251914978,,,,,,0.7274668216705322,,,
33,16999,,,,,0.839913010597229,,,,,,0.818764328956604,,,
33,17019,,,,,0.840901255607605,,,,,,0.7639905214309692,,,
33,17039,,,,,0.8418894410133362,,,,,,0.8513931035995483,,,
33,17059,,,,,0.8428776264190674,,,,,,0.9175320267677307,,,
33,17079,,,,,0.8438658118247986,,,,,,0.8538045287132263,,,
33,17099,,,,,0.8448539972305298,,,,,,0.9581766128540039,,,
33,17119,,,,,0.845842182636261,,,,,,0.9128495454788208,,,
33,17139,,,,,0.8468303680419922,,,,,,0.8857308030128479,,,
33,17159,,,,,0.8478185534477234,,,,,,0.7692804336547852,,,
33,17179,,,,,0.8488067388534546,,,,,,0.7485406398773193,,,
33,17199,,,,,0.8497949242591858,,,,,,0.8097338676452637,,,
33,17203,,,,,,,,,,,,,0.6470568180084229,0.7783635258674622
33,17203,0.5218626260757446,0.9578186869621277,0.999752938747406,1.0,,0.691457986831665,0.13411152362823486,0.0007059021154418588,0.8264936208724976,0.00021802543778903782,,8.689159393310547,,
34,17219,,,,,0.8507831692695618,,,,,,0.7579991817474365,,,
34,17239,,,,,0.851771354675293,,,,,,0.89534991979599,,,
34,17259,,,,,0.8527595400810242,,,,,,0.8140571117401123,,,
34,17279,,,,,0.8537477254867554,,,,,,1.012312889099121,,,
34,17299,,,,,0.8547359108924866,,,,,,0.7894918918609619,,,
34,17319,,,,,0.8557240962982178,,,,,,0.9292740225791931,,,
34,17339,,,,,0.856712281703949,,,,,,0.7600834369659424,,,
34,17359,,,,,0.8577004671096802,,,,,,0.792096734046936,,,
34,17379,,,,,0.8586886525154114,,,,,,0.7197557091712952,,,
34,17399,,,,,0.8596768379211426,,,,,,0.8091250061988831,,,
34,17419,,,,,0.8606650233268738,,,,,,1.0443090200424194,,,
34,17439,,,,,0.8616532683372498,,,,,,0.7509173154830933,,,
34,17459,,,,,0.862641453742981,,,,,,0.8400995135307312,,,
34,17479,,,,,0.8636296391487122,,,,,,0.731543779373169,,,
34,17499,,,,,0.8646178245544434,,,,,,0.7633234262466431,,,
34,17519,,,,,0.8656060099601746,,,,,,0.8496726155281067,,,
34,17539,,,,,0.8665941953659058,,,,,,0.8107647895812988,,,
34,17559,,,,,0.867582380771637,,,,,,0.8422650098800659,,,
34,17579,,,,,0.8685705661773682,,,,,,0.869559109210968,,,
34,17599,,,,,0.8695587515830994,,,,,,0.8242079615592957,,,
34,17619,,,,,0.8705469369888306,,,,,,0.9177902936935425,,,
34,17639,,,,,0.8715351819992065,,,,,,0.8954064846038818,,,
34,17659,,,,,0.8725233674049377,,,,,,0.874660074710846,,,
34,17679,,,,,0.873511552810669,,,,,,0.8143442273139954,,,
34,17699,,,,,0.8744997382164001,,,,,,0.7636688947677612,,,
34,17709,,,,,,,,,,,,,0.6500241756439209,0.7789546251296997
34,17709,0.5188673138618469,0.9591773748397827,0.9995368123054504,1.0,,0.6918506622314453,0.1287037879228592,0.0015702050877735019,0.8223274350166321,0.00020236925047356635,,8.698593139648438,,
35,17719,,,,,0.8754879236221313,,,,,,0.7679116129875183,,,
35,17739,,,,,0.8764761090278625,,,,,,0.7435160279273987,,,
35,17759,,,,,0.8774642944335938,,,,,,0.7370102405548096,,,
35,17779,,,,,0.878452479839325,,,,,,0.8209795951843262,,,
35,17799,,,,,0.8794406652450562,,,,,,0.8535974025726318,,,
35,17819,,,,,0.8804288506507874,,,,,,0.8614269495010376,,,
35,17839,,,,,0.8814170956611633,,,,,,0.7531331777572632,,,
35,17859,,,,,0.8824052810668945,,,,,,0.8562410473823547,,,
35,17879,,,,,0.8833934664726257,,,,,,0.7229701280593872,,,
35,17899,,,,,0.8843816518783569,,,,,,0.7218559384346008,,,
35,17919,,,,,0.8853698372840881,,,,,,0.8740898966789246,,,
35,17939,,,,,0.8863580226898193,,,,,,0.7274932861328125,,,
35,17959,,,,,0.8873462080955505,,,,,,0.7410903573036194,,,
35,17979,,,,,0.8883343935012817,,,,,,0.7993587851524353,,,
35,17999,,,,,0.8893225789070129,,,,,,0.6996651887893677,,,
35,18019,,,,,0.8903107643127441,,,,,,0.9195822477340698,,,
35,18039,,,,,0.8912989497184753,,,,,,0.9436495304107666,,,
35,18059,,,,,0.8922871947288513,,,,,,0.7255255579948425,,,
35,18079,,,,,0.8932753801345825,,,,,,0.7537689805030823,,,
35,18099,,,,,0.8942635655403137,,,,,,0.7177473306655884,,,
35,18119,,,,,0.8952517509460449,,,,,,0.9492412209510803,,,
35,18139,,,,,0.8962399363517761,,,,,,0.7730827927589417,,,
35,18159,,,,,0.8972281217575073,,,,,,1.0087387561798096,,,
35,18179,,,,,0.8982163071632385,,,,,,0.7902527451515198,,,
35,18199,,,,,0.8992044925689697,,,,,,0.7811214327812195,,,
35,18215,,,,,,,,,,,,,0.6628040075302124,0.7605893015861511
35,18215,0.5196084380149841,0.9587450623512268,0.999752938747406,1.0,,0.6916213631629944,0.12891243398189545,0.0007762794848531485,0.8215062618255615,0.00019573024474084377,,8.664278984069824,,
36,18219,,,,,0.9001926779747009,,,,,,0.7250623106956482,,,
36,18239,,,,,0.9011808633804321,,,,,,0.8932169675827026,,,
36,18259,,,,,0.9021691083908081,,,,,,0.7001824975013733,,,
36,18279,,,,,0.9031572937965393,,,,,,0.7721610069274902,,,
36,18299,,,,,0.9041454792022705,,,,,,0.7613333463668823,,,
36,18319,,,,,0.9051336646080017,,,,,,0.87249755859375,,,
36,18339,,,,,0.9061218500137329,,,,,,0.8980270624160767,,,
36,18359,,,,,0.9071100354194641,,,,,,0.7656444907188416,,,
36,18379,,,,,0.9080982208251953,,,,,,0.8553299307823181,,,
36,18399,,,,,0.9090864062309265,,,,,,0.8752046227455139,,,
36,18419,,,,,0.9100745916366577,,,,,,0.9126511216163635,,,
36,18439,,,,,0.9110627770423889,,,,,,0.8022128343582153,,,
36,18459,,,,,0.9120509624481201,,,,,,0.9125164747238159,,,
36,18479,,,,,0.9130392074584961,,,,,,0.9846979379653931,,,
36,18499,,,,,0.9140273928642273,,,,,,0.7760320901870728,,,
36,18519,,,,,0.9150155782699585,,,,,,0.8778597712516785,,,
36,18539,,,,,0.9160037636756897,,,,,,0.7056837677955627,,,
36,18559,,,,,0.9169919490814209,,,,,,0.9467183351516724,,,
36,18579,,,,,0.9179801344871521,,,,,,0.7630435228347778,,,
36,18599,,,,,0.9189683198928833,,,,,,0.7762255072593689,,,
36,18619,,,,,0.9199565052986145,,,,,,0.9696317911148071,,,
36,18639,,,,,0.9209446907043457,,,,,,0.7929299473762512,,,
36,18659,,,,,0.9219328761100769,,,,,,0.707217812538147,,,
36,18679,,,,,0.9229211211204529,,,,,,0.845167338848114,,,
36,18699,,,,,0.9239093065261841,,,,,,0.7471646666526794,,,
36,18719,,,,,0.9248974919319153,,,,,,0.7560127973556519,,,
36,18721,,,,,,,,,,,,,0.6765258312225342,0.750328540802002
36,18721,0.5225111246109009,0.9638093113899231,0.9993515610694885,1.0,,0.6915295124053955,0.11764784902334213,0.0015348048182204366,0.810910165309906,0.00019766815239563584,,8.585798263549805,,
37,18739,,,,,0.9258856773376465,,,,,,0.9183574318885803,,,
37,18759,,,,,0.9268738627433777,,,,,,0.838612973690033,,,
37,18779,,,,,0.9278620481491089,,,,,,0.8439992070198059,,,
37,18799,,,,,0.9288502335548401,,,,,,1.1470798254013062,,,
37,18819,,,,,0.9298384189605713,,,,,,0.8070809841156006,,,
37,18839,,,,,0.9308266043663025,,,,,,0.8487687706947327,,,
37,18859,,,,,0.9318147897720337,,,,,,0.6983898282051086,,,
37,18879,,,,,0.9328029751777649,,,,,,0.8527852296829224,,,
37,18899,,,,,0.9337912201881409,,,,,,0.7370997667312622,,,
37,18919,,,,,0.9347794055938721,,,,,,0.7765185832977295,,,
37,18939,,,,,0.9357675909996033,,,,,,0.7647934556007385,,,
37,18959,,,,,0.9367557764053345,,,,,,1.1656246185302734,,,
37,18979,,,,,0.9377439618110657,,,,,,0.7397109866142273,,,
37,18999,,,,,0.9387321472167969,,,,,,1.0260595083236694,,,
37,19019,,,,,0.9397203326225281,,,,,,0.8004968166351318,,,
37,19039,,,,,0.9407085180282593,,,,,,0.8510295748710632,,,
37,19059,,,,,0.9416967034339905,,,,,,0.7692463994026184,,,
37,19079,,,,,0.9426848888397217,,,,,,1.0018057823181152,,,
37,19099,,,,,0.9436731338500977,,,,,,0.7501686215400696,,,
37,19119,,,,,0.9446613192558289,,,,,,0.940422773361206,,,
37,19139,,,,,0.9456495046615601,,,,,,0.8945710062980652,,,
37,19159,,,,,0.9466376900672913,,,,,,0.8728212118148804,,,
37,19179,,,,,0.9476258754730225,,,,,,0.8638920187950134,,,
37,19199,,,,,0.9486140608787537,,,,,,0.7108572125434875,,,
37,19219,,,,,0.9496022462844849,,,,,,0.8689234256744385,,,
37,19227,,,,,,,,,,,,,0.6750268936157227,0.7383478283882141
37,19227,0.5207201242446899,0.9615859389305115,0.999660313129425,1.0,,0.6916949152946472,0.1202576607465744,0.0008057596860453486,0.8129346966743469,0.00017602797015570104,,8.567765235900879,,
38,19239,,,,,0.9505904316902161,,,,,,0.7363958954811096,,,
38,19259,,,,,0.9515786170959473,,,,,,0.7465580701828003,,,
38,19279,,,,,0.9525668025016785,,,,,,0.7339807748794556,,,
38,19299,,,,,0.9535549879074097,,,,,,0.7455370426177979,,,
38,19319,,,,,0.9545432329177856,,,,,,0.7299224138259888,,,
38,19339,,,,,0.9555314183235168,,,,,,0.7480266690254211,,,
38,19359,,,,,0.956519603729248,,,,,,0.7685383558273315,,,
38,19379,,,,,0.9575077891349792,,,,,,0.7019202709197998,,,
38,19399,,,,,0.9584959745407104,,,,,,1.0137333869934082,,,
38,19419,,,,,0.9594841599464417,,,,,,0.9284548163414001,,,
38,19439,,,,,0.9604723453521729,,,,,,0.8680533170700073,,,
38,19459,,,,,0.961460530757904,,,,,,0.8998990654945374,,,
38,19479,,,,,0.9624487161636353,,,,,,0.8839259743690491,,,
38,19499,,,,,0.9634369015693665,,,,,,0.7438691258430481,,,
38,19519,,,,,0.9644251465797424,,,,,,0.8504929542541504,,,
38,19539,,,,,0.9654133319854736,,,,,,0.7630006670951843,,,
38,19559,,,,,0.9664015173912048,,,,,,0.7803720831871033,,,
38,19579,,,,,0.967389702796936,,,,,,0.7324097156524658,,,
38,19599,,,,,0.9683778882026672,,,,,,1.0682954788208008,,,
38,19619,,,,,0.9693660736083984,,,,,,0.784616231918335,,,
38,19639,,,,,0.9703542590141296,,,,,,0.8345836400985718,,,
38,19659,,,,,0.9713424444198608,,,,,,0.7612434029579163,,,
38,19679,,,,,0.972330629825592,,,,,,0.7734450697898865,,,
38,19699,,,,,0.9733188152313232,,,,,,0.9131105542182922,,,
38,19719,,,,,0.9743070602416992,,,,,,0.7103041410446167,,,
38,19733,,,,,,,,,,,,,0.7020628452301025,0.7406902313232422
38,19733,0.5208127498626709,0.9662796258926392,0.999660313129425,1.0,,0.69123774766922,0.10877173393964767,0.0009053860558196902,0.8011011481285095,0.00018667877884581685,,8.534337997436523,,
39,19739,,,,,0.9752952456474304,,,,,,0.7291145920753479,,,
39,19759,,,,,0.9762834310531616,,,,,,0.7672857642173767,,,
39,19779,,,,,0.9772716164588928,,,,,,0.8858320116996765,,,
39,19799,,,,,0.978259801864624,,,,,,0.8201936483383179,,,
39,19819,,,,,0.9792479872703552,,,,,,0.8290247917175293,,,
39,19839,,,,,0.9802361726760864,,,,,,0.9423266053199768,,,
39,19859,,,,,0.9812243580818176,,,,,,0.7249689102172852,,,
39,19879,,,,,0.9822125434875488,,,,,,0.736757755279541,,,
39,19899,,,,,0.98320072889328,,,,,,0.7971875667572021,,,
39,19919,,,,,0.9841889142990112,,,,,,0.8835673928260803,,,
39,19939,,,,,0.9851771593093872,,,,,,0.8708070516586304,,,
39,19959,,,,,0.9861653447151184,,,,,,0.724735677242279,,,
39,19979,,,,,0.9871535301208496,,,,,,0.8499251008033752,,,
39,19999,,,,,0.9881417155265808,,,,,,0.9955125451087952,,,
39,20019,,,,,0.989129900932312,,,,,,0.7627967596054077,,,
39,20039,,,,,0.9901180863380432,,,,,,0.7357456088066101,,,
39,20059,,,,,0.9911062717437744,,,,,,0.9719211459159851,,,
39,20079,,,,,0.9920944571495056,,,,,,0.9471209049224854,,,
39,20099,,,,,0.9930826425552368,,,,,,0.7782803177833557,,,
39,20119,,,,,0.994070827960968,,,,,,0.8034427762031555,,,
39,20139,,,,,0.995059072971344,,,,,,0.7894871830940247,,,
39,20159,,,,,0.9960472583770752,,,,,,0.7423515915870667,,,
39,20179,,,,,0.9970354437828064,,,,,,0.8368014097213745,,,
39,20199,,,,,0.9980236291885376,,,,,,0.7803975939750671,,,
39,20219,,,,,0.9990118145942688,,,,,,0.7928926944732666,,,
39,20239,,,,,1.0,,,,,,0.9309195876121521,,,
39,20239,,,,,,,,,,,,,0.6711174249649048,0.8299779891967773
39,20239,0.5216156244277954,0.9663413763046265,0.9996294379234314,1.0,,0.6912510395050049,0.10876692831516266,0.0017211503582075238,0.8019192218780518,0.00018029221973847598,,8.540506362915039,,
