epoch,step,train/acc_adv,train/acc_cls,train/g_enc_cls,train/g_enc_grl,train/grl_a,train/grl_progress,train/loss_adv,train/loss_cls,val/acc,val/loss
0,49,,,,,,0.0005033126217313111,,,,
0,99,,,,,,0.001016896916553378,,,,
0,149,,,,,,0.001530481269583106,,,,
0,199,,,,,,0.002044065622612834,,,,
0,249,,,,,,0.0025576497428119183,,,,
0,299,,,,,,0.003071234095841646,,,,
0,349,,,,,,0.003584818448871374,,,,
0,399,,,,,,0.004098402801901102,,,,
0,449,,,,,,0.00461198715493083,,,,
0,499,,,,,,0.005125571507960558,,,,
0,549,,,,,,0.005639155860990286,,,,
0,599,,,,,,0.0061527397483587265,,,,
0,649,,,,,,0.0066663241013884544,,,,
0,699,,,,,,0.007179908454418182,,,,
0,749,,,,,,0.00769349280744791,,,,
0,799,,,,,,0.008207077160477638,,,,
0,849,,,,,,0.008720661513507366,,,,
0,899,,,,,,0.009234245866537094,,,,
0,949,,,,,,0.009747830219566822,,,,
0,999,,,,,,0.01026141457259655,,,,
0,1049,,,,,,0.010774998925626278,,,,
0,1099,,,,,,0.011288583278656006,,,,
0,1149,,,,,,0.011802167631685734,,,,
0,1199,,,,,,0.012315751984715462,,,,
0,1249,,,,,,0.01282933633774519,,,,
0,1299,,,,,,0.013342920690774918,,,,
0,1349,,,,,,0.013856504112482071,,,,
0,1399,,,,,,0.014370088465511799,,,,
0,1449,,,,,,0.014883672818541527,,,,
0,1499,,,,,,0.015397257171571255,,,,
0,1549,,,,,,0.015910841524600983,,,,
0,1599,,,,,,0.016424426808953285,,,,
0,1649,,,,,,0.01693801023066044,,,,
0,1699,,,,,,0.01745159551501274,,,,
0,1749,,,,,,0.017965178936719894,,,,
0,1799,,,,,,0.018478762358427048,,,,
0,1849,,,,,,0.01899234764277935,,,,
0,1899,,,,,,0.019505931064486504,,,,
0,1949,,,,,,0.020019516348838806,,,,
0,1999,,,,,,0.02053309977054596,,,,
0,2049,,,,,,0.021046685054898262,,,,
0,2099,,,,,,0.021560268476605415,,,,
0,2149,,,,,,0.022073853760957718,,,,
0,2199,,,,,,0.02258743718266487,,,,
0,2249,,,,,,0.023101022467017174,,,,
0,2299,,,,,,0.023614605888724327,,,,
0,2349,,,,,,0.02412819117307663,,,,
0,2399,,,,,,0.024641774594783783,,,,
0,2449,,,,,,0.025155359879136086,,,,
0,2499,,,,,,0.02566894330084324,,,,
0,2549,,,,,,0.02618252858519554,,,,
0,2599,,,,,,0.026696112006902695,,,,
0,2649,,,,,,0.027209697291254997,,,,
0,2699,,,,,,0.02772328071296215,,,,
0,2749,,,,,,0.028236865997314453,,,,
0,2799,,,,,,0.028750449419021606,,,,
0,2849,,,,,,0.02926403284072876,,,,
0,2899,,,,,,0.029777618125081062,,,,
0,2949,,,,,,0.030291201546788216,,,,
0,2999,,,,,,0.030804786831140518,,,,
0,3049,,,,,,0.03131837025284767,,,,
0,3099,,,,,,0.031831953674554825,,,,
0,3149,,,,,,0.03234554082155228,,,,
0,3199,,,,,,0.03285912424325943,,,,
0,3249,,,,,,0.03337270766496658,,,,
0,3299,,,,,,0.03388629108667374,,,,
0,3349,,,,,,0.03439987823367119,,,,
0,3399,,,,,,0.03491346165537834,,,,
0,3449,,,,,,0.035427045077085495,,,,
0,3499,,,,,,0.03594062849879265,,,,
0,3549,,,,,,0.0364542156457901,,,,
0,3599,,,,,,0.03696779906749725,,,,
0,3649,,,,,,0.03748138248920441,,,,
0,3699,,,,,,0.03799496591091156,,,,
0,3749,,,,,,0.03850854933261871,,,,
0,3799,,,,,,0.039022136479616165,,,,
0,3849,,,,,,0.03953571990132332,,,,
0,3899,,,,,,0.04004930332303047,,,,
0,3949,,,,,,0.040562886744737625,,,,
0,3999,,,,,,0.04107647389173508,,,,
0,4049,,,,,,0.04159005731344223,,,,
0,4099,,,,,,0.042103640735149384,,,,
0,4149,,,,,,0.04261722415685654,,,,
0,4199,,,,,,0.04313081130385399,,,,
0,4249,,,,,,0.04364439472556114,,,,
0,4299,,,,,,0.044157978147268295,,,,
0,4349,,,,,,0.04467156156897545,,,,
0,4399,,,,,,0.0451851487159729,,,,
0,4449,,,,,,0.045698732137680054,,,,
0,4499,,,,,,0.04621231555938721,,,,
0,4549,,,,,,0.04672589898109436,,,,
0,4599,,,,,,0.04723948612809181,,,,
0,4649,,,,,,0.047753069549798965,,,,
0,4699,,,,,,0.04826665297150612,,,,
0,4749,,,,,,0.04878023639321327,,,,
0,4799,,,,,,0.049293819814920425,,,,
0,4849,,,,,,0.04980740696191788,,,,
0,4899,,,,,,0.05032099038362503,,,,
0,4949,,,,,,0.050834573805332184,,,,
0,4999,,,,,,0.05134815722703934,,,,
0,5049,,,,,,0.05186174437403679,,,,
0,5099,,,,,,0.05237532779574394,,,,
0,5149,,,,,,0.052888911217451096,,,,
0,5199,,,,,,0.05340249463915825,,,,
0,5249,,,,,,0.0539160817861557,,,,
0,5299,,,,,,0.054429665207862854,,,,
0,5349,,,,,,0.05494324862957001,,,,
0,5399,,,,,,0.05545683205127716,,,,
0,5449,,,,,,0.05597041919827461,,,,
0,5499,,,,,,0.056484002619981766,,,,
0,5549,,,,,,0.05699758604168892,,,,
0,5599,,,,,,0.05751116946339607,,,,
0,5649,,,,,,0.058024756610393524,,,,
0,5699,,,,,,0.05853834003210068,,,,
0,5749,,,,,,0.05905192345380783,,,,
0,5799,,,,,,0.059565506875514984,,,,
0,5849,,,,,,0.06007909029722214,,,,
0,5899,,,,,,0.06059267744421959,,,,
0,5949,,,,,,0.06110626086592674,,,,
0,5999,,,,,,0.061619844287633896,,,,
0,6049,,,,,,0.06213342770934105,,,,
0,6099,,,,,,0.0626470148563385,,,,
0,6149,,,,,,0.06316059827804565,,,,
0,6199,,,,,,0.06367418169975281,,,,
0,6249,,,,,,0.06418776512145996,,,,
0,6299,,,,,,0.06470134854316711,,,,
0,6349,,,,,,0.06521493196487427,,,,
0,6399,,,,,,0.06572852283716202,,,,
0,6449,,,,,,0.06624210625886917,,,,
0,6499,,,,,,0.06675568968057632,,,,
0,6549,,,,,,0.06726927310228348,,,,
0,6599,,,,,,0.06778285652399063,,,,
0,6649,,,,,,0.06829643994569778,,,,
0,6699,,,,,,0.06881002336740494,,,,
0,6749,,,,,,0.06932360678911209,,,,
0,6799,,,,,,0.06983719021081924,,,,
0,6849,,,,,,0.070350781083107,,,,
0,6899,,,,,,0.07086436450481415,,,,
0,6949,,,,,,0.0713779479265213,,,,
0,6999,,,,,,0.07189153134822845,,,,
0,7049,,,,,,0.07240511476993561,,,,
0,7099,,,,,,0.07291869819164276,,,,
0,7149,,,,,,0.07343228161334991,,,,
0,7199,,,,,,0.07394586503505707,,,,
0,7249,,,,,,0.07445945590734482,,,,
0,7299,,,,,,0.07497303932905197,,,,
0,7349,,,,,,0.07548662275075912,,,,
0,7399,,,,,,0.07600020617246628,,,,
0,7449,,,,,,0.07651378959417343,,,,
0,7499,,,,,,0.07702737301588058,,,,
0,7549,,,,,,0.07754095643758774,,,,
0,7599,,,,,,0.07805453985929489,,,,
0,7649,,,,,,0.07856812328100204,,,,
0,7699,,,,,,0.0790817141532898,,,,
0,7749,,,,,,0.07959529757499695,,,,
0,7799,,,,,,0.0801088809967041,,,,
0,7849,,,,,,0.08062246441841125,,,,
0,7899,,,,,,0.08113604784011841,,,,
0,7949,,,,,,0.08164963126182556,,,,
0,7999,,,,,,0.08216321468353271,,,,
0,8049,,,,,,0.08267679810523987,,,,
0,8099,,,,,,0.08319038897752762,,,,
0,8112,,,,,,,,,0.44052502512931824,2.679873466491699
0,8112,0.0327637754380703,0.37701067328453064,0.13608498871326447,0.016111284494400024,0.9041042923927307,,4.786163330078125,2.892212390899658,,
1,8149,,,,,,0.08370397239923477,,,,
1,8199,,,,,,0.08421755582094193,,,,
1,8249,,,,,,0.08473113924264908,,,,
1,8299,,,,,,0.08524472266435623,,,,
1,8349,,,,,,0.08575830608606339,,,,
1,8399,,,,,,0.08627188950777054,,,,
1,8449,,,,,,0.08678547292947769,,,,
1,8499,,,,,,0.08729906380176544,,,,
1,8549,,,,,,0.0878126472234726,,,,
1,8599,,,,,,0.08832623064517975,,,,
1,8649,,,,,,0.0888398140668869,,,,
1,8699,,,,,,0.08935339748859406,,,,
1,8749,,,,,,0.08986698091030121,,,,
1,8799,,,,,,0.09038056433200836,,,,
1,8849,,,,,,0.09089414775371552,,,,
1,8899,,,,,,0.09140773117542267,,,,
1,8949,,,,,,0.09192132204771042,,,,
1,8999,,,,,,0.09243490546941757,,,,
1,9049,,,,,,0.09294848889112473,,,,
1,9099,,,,,,0.09346207231283188,,,,
1,9149,,,,,,0.09397565573453903,,,,
1,9199,,,,,,0.09448923915624619,,,,
1,9249,,,,,,0.09500282257795334,,,,
1,9299,,,,,,0.09551640599966049,,,,
1,9349,,,,,,0.09602999687194824,,,,
1,9399,,,,,,0.0965435802936554,,,,
1,9449,,,,,,0.09705716371536255,,,,
1,9499,,,,,,0.0975707471370697,,,,
1,9549,,,,,,0.09808433055877686,,,,
1,9599,,,,,,0.09859791398048401,,,,
1,9649,,,,,,0.09911149740219116,,,,
1,9699,,,,,,0.09962508082389832,,,,
1,9749,,,,,,0.10013866424560547,,,,
1,9799,,,,,,0.10065225511789322,,,,
1,9849,,,,,,0.10116583853960037,,,,
1,9899,,,,,,0.10167942196130753,,,,
1,9949,,,,,,0.10219300538301468,,,,
1,9999,,,,,,0.10270658880472183,,,,
1,10049,,,,,,0.10322017222642899,,,,
1,10099,,,,,,0.10373375564813614,,,,
1,10149,,,,,,0.10424733906984329,,,,
1,10199,,,,,,0.10476092994213104,,,,
1,10249,,,,,,0.1052745133638382,,,,
1,10299,,,,,,0.10578809678554535,,,,
1,10349,,,,,,0.1063016802072525,,,,
1,10399,,,,,,0.10681526362895966,,,,
1,10449,,,,,,0.10732884705066681,,,,
1,10499,,,,,,0.10784243047237396,,,,
1,10549,,,,,,0.10835601389408112,,,,
1,10599,,,,,,0.10886959731578827,,,,
1,10649,,,,,,0.10938318818807602,,,,
1,10699,,,,,,0.10989677160978317,,,,
1,10749,,,,,,0.11041035503149033,,,,
1,10799,,,,,,0.11092393845319748,,,,
1,10849,,,,,,0.11143752187490463,,,,
1,10899,,,,,,0.11195110529661179,,,,
1,10949,,,,,,0.11246468871831894,,,,
1,10999,,,,,,0.11297827214002609,,,,
1,11049,,,,,,0.11349186301231384,,,,
1,11099,,,,,,0.114005446434021,,,,
1,11149,,,,,,0.11451902985572815,,,,
1,11199,,,,,,0.1150326132774353,,,,
1,11249,,,,,,0.11554619669914246,,,,
1,11299,,,,,,0.11605978012084961,,,,
1,11349,,,,,,0.11657336354255676,,,,
1,11399,,,,,,0.11708694696426392,,,,
1,11449,,,,,,0.11760053783655167,,,,
1,11499,,,,,,0.11811412125825882,,,,
1,11549,,,,,,0.11862770467996597,,,,
1,11599,,,,,,0.11914128810167313,,,,
1,11649,,,,,,0.11965487152338028,,,,
1,11699,,,,,,0.12016845494508743,,,,
1,11749,,,,,,0.12068203836679459,,,,
1,11799,,,,,,0.12119562178850174,,,,
1,11849,,,,,,0.12170920521020889,,,,
1,11899,,,,,,0.12222279608249664,,,,
1,11949,,,,,,0.1227363795042038,,,,
1,11999,,,,,,0.12324996292591095,,,,
1,12049,,,,,,0.1237635463476181,,,,
1,12099,,,,,,0.12427712976932526,,,,
1,12149,,,,,,0.12479071319103241,,,,
1,12199,,,,,,0.12530429661273956,,,,
1,12249,,,,,,0.12581788003444672,,,,
1,12299,,,,,,0.12633146345615387,,,,
1,12349,,,,,,0.12684504687786102,,,,
1,12399,,,,,,0.12735863029956818,,,,
1,12449,,,,,,0.12787221372127533,,,,
1,12499,,,,,,0.12838579714298248,,,,
1,12549,,,,,,0.12889939546585083,,,,
1,12599,,,,,,0.12941297888755798,,,,
1,12649,,,,,,0.12992656230926514,,,,
1,12699,,,,,,0.1304401457309723,,,,
1,12749,,,,,,0.13095372915267944,,,,
1,12799,,,,,,0.1314673125743866,,,,
1,12849,,,,,,0.13198089599609375,,,,
1,12899,,,,,,0.1324944794178009,,,,
1,12949,,,,,,0.13300806283950806,,,,
1,12999,,,,,,0.1335216462612152,,,,
1,13049,,,,,,0.13403522968292236,,,,
1,13099,,,,,,0.13454881310462952,,,,
1,13149,,,,,,0.13506239652633667,,,,
1,13199,,,,,,0.13557597994804382,,,,
1,13249,,,,,,0.13608956336975098,,,,
1,13299,,,,,,0.13660314679145813,,,,
1,13349,,,,,,0.13711674511432648,,,,
1,13399,,,,,,0.13763032853603363,,,,
1,13449,,,,,,0.13814391195774078,,,,
1,13499,,,,,,0.13865749537944794,,,,
1,13549,,,,,,0.1391710788011551,,,,
1,13599,,,,,,0.13968466222286224,,,,
1,13649,,,,,,0.1401982456445694,,,,
1,13699,,,,,,0.14071182906627655,,,,
1,13749,,,,,,0.1412254124879837,,,,
1,13799,,,,,,0.14173899590969086,,,,
1,13849,,,,,,0.142252579331398,,,,
1,13899,,,,,,0.14276616275310516,,,,
1,13949,,,,,,0.14327974617481232,,,,
1,13999,,,,,,0.14379332959651947,,,,
1,14049,,,,,,0.14430691301822662,,,,
1,14099,,,,,,0.14482049643993378,,,,
1,14149,,,,,,0.14533407986164093,,,,
1,14199,,,,,,0.14584767818450928,,,,
1,14249,,,,,,0.14636126160621643,,,,
1,14299,,,,,,0.14687484502792358,,,,
1,14349,,,,,,0.14738842844963074,,,,
1,14399,,,,,,0.1479020118713379,,,,
1,14449,,,,,,0.14841559529304504,,,,
1,14499,,,,,,0.1489291787147522,,,,
1,14549,,,,,,0.14944276213645935,,,,
1,14599,,,,,,0.1499563455581665,,,,
1,14649,,,,,,0.15046992897987366,,,,
1,14699,,,,,,0.1509835124015808,,,,
1,14749,,,,,,0.15149709582328796,,,,
1,14799,,,,,,0.15201067924499512,,,,
1,14849,,,,,,0.15252426266670227,,,,
1,14899,,,,,,0.15303784608840942,,,,
1,14949,,,,,,0.15355142951011658,,,,
1,14999,,,,,,0.15406501293182373,,,,
1,15049,,,,,,0.15457861125469208,,,,
1,15099,,,,,,0.15509219467639923,,,,
1,15149,,,,,,0.15560577809810638,,,,
1,15199,,,,,,0.15611936151981354,,,,
1,15249,,,,,,0.1566329449415207,,,,
1,15299,,,,,,0.15714652836322784,,,,
1,15349,,,,,,0.157660111784935,,,,
1,15399,,,,,,0.15817369520664215,,,,
1,15449,,,,,,0.1586872786283493,,,,
1,15499,,,,,,0.15920086205005646,,,,
1,15549,,,,,,0.1597144454717636,,,,
1,15599,,,,,,0.16022802889347076,,,,
1,15649,,,,,,0.16074161231517792,,,,
1,15699,,,,,,0.16125519573688507,,,,
1,15749,,,,,,0.16176877915859222,,,,
1,15799,,,,,,0.16228236258029938,,,,
1,15849,,,,,,0.16279594600200653,,,,
1,15899,,,,,,0.16330954432487488,,,,
1,15949,,,,,,0.16382312774658203,,,,
1,15999,,,,,,0.16433671116828918,,,,
1,16049,,,,,,0.16485029458999634,,,,
1,16099,,,,,,0.1653638780117035,,,,
1,16149,,,,,,0.16587746143341064,,,,
1,16199,,,,,,0.1663910448551178,,,,
1,16225,,,,,,,,,0.4505058825016022,3.9753737449645996
1,16225,0.033950142562389374,0.38725656270980835,0.1393442004919052,0.01411273330450058,0.9977989196777344,,4.678728103637695,2.6105434894561768,,
2,16249,,,,,,0.16690462827682495,,,,
2,16299,,,,,,0.1674182116985321,,,,
2,16349,,,,,,0.16793179512023926,,,,
2,16399,,,,,,0.1684453785419464,,,,
2,16449,,,,,,0.16895896196365356,,,,
2,16499,,,,,,0.16947254538536072,,,,
2,16549,,,,,,0.16998612880706787,,,,
2,16599,,,,,,0.17049971222877502,,,,
2,16649,,,,,,0.17101329565048218,,,,
2,16699,,,,,,0.17152687907218933,,,,
2,16749,,,,,,0.17204047739505768,,,,
2,16799,,,,,,0.17255406081676483,,,,
2,16849,,,,,,0.17306764423847198,,,,
2,16899,,,,,,0.17358122766017914,,,,
2,16949,,,,,,0.1740948110818863,,,,
2,16999,,,,,,0.17460839450359344,,,,
2,17049,,,,,,0.1751219779253006,,,,
2,17099,,,,,,0.17563556134700775,,,,
2,17149,,,,,,0.1761491447687149,,,,
2,17199,,,,,,0.17666272819042206,,,,
2,17249,,,,,,0.1771763116121292,,,,
2,17299,,,,,,0.17768989503383636,,,,
2,17349,,,,,,0.17820347845554352,,,,
2,17399,,,,,,0.17871706187725067,,,,
2,17449,,,,,,0.17923064529895782,,,,
2,17499,,,,,,0.17974422872066498,,,,
2,17549,,,,,,0.18025781214237213,,,,
2,17599,,,,,,0.18077141046524048,,,,
2,17649,,,,,,0.18128499388694763,,,,
2,17699,,,,,,0.18179857730865479,,,,
2,17749,,,,,,0.18231216073036194,,,,
2,17799,,,,,,0.1828257441520691,,,,
2,17849,,,,,,0.18333932757377625,,,,
2,17899,,,,,,0.1838529109954834,,,,
2,17949,,,,,,0.18436649441719055,,,,
2,17999,,,,,,0.1848800778388977,,,,
2,18049,,,,,,0.18539366126060486,,,,
2,18099,,,,,,0.185907244682312,,,,
2,18149,,,,,,0.18642082810401917,,,,
2,18199,,,,,,0.18693441152572632,,,,
2,18249,,,,,,0.18744799494743347,,,,
2,18299,,,,,,0.18796157836914062,,,,
2,18349,,,,,,0.18847516179084778,,,,
2,18399,,,,,,0.18898874521255493,,,,
2,18449,,,,,,0.18950234353542328,,,,
2,18499,,,,,,0.19001592695713043,,,,
2,18549,,,,,,0.19052951037883759,,,,
2,18599,,,,,,0.19104309380054474,,,,
2,18649,,,,,,0.1915566772222519,,,,
2,18699,,,,,,0.19207026064395905,,,,
2,18749,,,,,,0.1925838440656662,,,,
2,18799,,,,,,0.19309742748737335,,,,
2,18849,,,,,,0.1936110109090805,,,,
2,18899,,,,,,0.19412459433078766,,,,
2,18949,,,,,,0.1946381777524948,,,,
2,18999,,,,,,0.19515176117420197,,,,
2,19049,,,,,,0.19566534459590912,,,,
2,19099,,,,,,0.19617892801761627,,,,
2,19149,,,,,,0.19669251143932343,,,,
2,19199,,,,,,0.19720609486103058,,,,
2,19249,,,,,,0.19771967828273773,,,,
2,19299,,,,,,0.19823327660560608,,,,
2,19349,,,,,,0.19874686002731323,,,,
2,19399,,,,,,0.19926044344902039,,,,
2,19449,,,,,,0.19977402687072754,,,,
2,19499,,,,,,0.2002876102924347,,,,
2,19549,,,,,,0.20080119371414185,,,,
2,19599,,,,,,0.201314777135849,,,,
2,19649,,,,,,0.20182836055755615,,,,
2,19699,,,,,,0.2023419439792633,,,,
2,19749,,,,,,0.20285552740097046,,,,
2,19799,,,,,,0.2033691108226776,,,,
2,19849,,,,,,0.20388269424438477,,,,
2,19899,,,,,,0.20439627766609192,,,,
2,19949,,,,,,0.20490986108779907,,,,
2,19999,,,,,,0.20542344450950623,,,,
2,20049,,,,,,0.20593702793121338,,,,
2,20099,,,,,,0.20645062625408173,,,,
2,20149,,,,,,0.20696420967578888,,,,
2,20199,,,,,,0.20747779309749603,,,,
2,20249,,,,,,0.20799137651920319,,,,
2,20299,,,,,,0.20850495994091034,,,,
2,20349,,,,,,0.2090185433626175,,,,
2,20399,,,,,,0.20953212678432465,,,,
2,20449,,,,,,0.2100457102060318,,,,
2,20499,,,,,,0.21055929362773895,,,,
2,20549,,,,,,0.2110728770494461,,,,
2,20599,,,,,,0.21158646047115326,,,,
2,20649,,,,,,0.2121000438928604,,,,
2,20699,,,,,,0.21261362731456757,,,,
2,20749,,,,,,0.21312721073627472,,,,
2,20799,,,,,,0.21364079415798187,,,,
2,20849,,,,,,0.21415437757968903,,,,
2,20899,,,,,,0.21466796100139618,,,,
2,20949,,,,,,0.21518155932426453,,,,
2,20999,,,,,,0.21569514274597168,,,,
2,21049,,,,,,0.21620872616767883,,,,
2,21099,,,,,,0.216722309589386,,,,
2,21149,,,,,,0.21723589301109314,,,,
2,21199,,,,,,0.2177494764328003,,,,
2,21249,,,,,,0.21826305985450745,,,,
2,21299,,,,,,0.2187766432762146,,,,
2,21349,,,,,,0.21929022669792175,,,,
2,21399,,,,,,0.2198038101196289,,,,
2,21449,,,,,,0.22031739354133606,,,,
2,21499,,,,,,0.2208309769630432,,,,
2,21549,,,,,,0.22134456038475037,,,,
2,21599,,,,,,0.22185814380645752,,,,
2,21649,,,,,,0.22237172722816467,,,,
2,21699,,,,,,0.22288531064987183,,,,
2,21749,,,,,,0.22339889407157898,,,,
2,21799,,,,,,0.22391249239444733,,,,
2,21849,,,,,,0.22442607581615448,,,,
2,21899,,,,,,0.22493965923786163,,,,
2,21949,,,,,,0.2254532426595688,,,,
2,21999,,,,,,0.22596682608127594,,,,
2,22049,,,,,,0.2264804095029831,,,,
2,22099,,,,,,0.22699399292469025,,,,
2,22149,,,,,,0.2275075763463974,,,,
2,22199,,,,,,0.22802115976810455,,,,
2,22249,,,,,,0.2285347431898117,,,,
2,22299,,,,,,0.22904832661151886,,,,
2,22349,,,,,,0.229561910033226,,,,
2,22399,,,,,,0.23007549345493317,,,,
2,22449,,,,,,0.23058907687664032,,,,
2,22499,,,,,,0.23110266029834747,,,,
2,22549,,,,,,0.23161624372005463,,,,
2,22599,,,,,,0.23212982714176178,,,,
2,22649,,,,,,0.23264342546463013,,,,
2,22699,,,,,,0.23315700888633728,,,,
2,22749,,,,,,0.23367059230804443,,,,
2,22799,,,,,,0.2341841757297516,,,,
2,22849,,,,,,0.23469775915145874,,,,
2,22899,,,,,,0.2352113425731659,,,,
2,22949,,,,,,0.23572492599487305,,,,
2,22999,,,,,,0.2362385094165802,,,,
2,23049,,,,,,0.23675209283828735,,,,
2,23099,,,,,,0.2372656762599945,,,,
2,23149,,,,,,0.23777925968170166,,,,
2,23199,,,,,,0.2382928431034088,,,,
2,23249,,,,,,0.23880642652511597,,,,
2,23299,,,,,,0.23932000994682312,,,,
2,23349,,,,,,0.23983359336853027,,,,
2,23399,,,,,,0.24034717679023743,,,,
2,23449,,,,,,0.24086076021194458,,,,
2,23499,,,,,,0.24137435853481293,,,,
2,23549,,,,,,0.24188794195652008,,,,
2,23599,,,,,,0.24240152537822723,,,,
2,23649,,,,,,0.2429151087999344,,,,
2,23699,,,,,,0.24342869222164154,,,,
2,23749,,,,,,0.2439422756433487,,,,
2,23799,,,,,,0.24445585906505585,,,,
2,23849,,,,,,0.244969442486763,,,,
2,23899,,,,,,0.24548302590847015,,,,
2,23949,,,,,,0.2459966093301773,,,,
2,23999,,,,,,0.24651019275188446,,,,
2,24049,,,,,,0.2470237761735916,,,,
2,24099,,,,,,0.24753735959529877,,,,
2,24149,,,,,,0.24805094301700592,,,,
2,24199,,,,,,0.24856452643871307,,,,
2,24249,,,,,,0.24907810986042023,,,,
2,24299,,,,,,0.24959169328212738,,,,
2,24338,,,,,,,,,0.46390482783317566,2.5965487957000732
2,24338,0.032894738018512726,0.4143119156360626,0.13904844224452972,0.014229509979486465,0.9998267292976379,,4.669178009033203,2.4360733032226562,,
3,24349,,,,,,0.2501052916049957,,,,
3,24399,,,,,,0.2506188750267029,,,,
3,24449,,,,,,0.25113245844841003,,,,
3,24499,,,,,,0.2516460418701172,,,,
3,24549,,,,,,0.25215962529182434,,,,
3,24599,,,,,,0.2526732087135315,,,,
3,24649,,,,,,0.25318679213523865,,,,
3,24699,,,,,,0.2537003755569458,,,,
3,24749,,,,,,0.25421395897865295,,,,
3,24799,,,,,,0.2547275424003601,,,,
3,24849,,,,,,0.25524112582206726,,,,
3,24899,,,,,,0.2557547092437744,,,,
3,24949,,,,,,0.25626829266548157,,,,
3,24999,,,,,,0.2567818760871887,,,,
3,25049,,,,,,0.2572954595088959,,,,
3,25099,,,,,,0.257809042930603,,,,
3,25149,,,,,,0.2583226263523102,,,,
3,25199,,,,,,0.25883620977401733,,,,
3,25249,,,,,,0.2593497931957245,,,,
3,25299,,,,,,0.25986337661743164,,,,
3,25349,,,,,,0.2603769600391388,,,,
3,25399,,,,,,0.26089054346084595,,,,
3,25449,,,,,,0.2614041268825531,,,,
3,25499,,,,,,0.26191771030426025,,,,
3,25549,,,,,,0.2624312937259674,,,,
3,25599,,,,,,0.26294490694999695,,,,
3,25649,,,,,,0.2634584903717041,,,,
3,25699,,,,,,0.26397207379341125,,,,
3,25749,,,,,,0.2644856572151184,,,,
3,25799,,,,,,0.26499924063682556,,,,
3,25849,,,,,,0.2655128240585327,,,,
3,25899,,,,,,0.26602640748023987,,,,
3,25949,,,,,,0.266539990901947,,,,
3,25999,,,,,,0.2670535743236542,,,,
3,26049,,,,,,0.26756715774536133,,,,
3,26099,,,,,,0.2680807411670685,,,,
3,26149,,,,,,0.26859432458877563,,,,
3,26199,,,,,,0.2691079080104828,,,,
3,26249,,,,,,0.26962149143218994,,,,
3,26299,,,,,,0.2701350748538971,,,,
3,26349,,,,,,0.27064865827560425,,,,
3,26399,,,,,,0.2711622416973114,,,,
3,26449,,,,,,0.27167582511901855,,,,
3,26499,,,,,,0.2721894085407257,,,,
3,26549,,,,,,0.27270299196243286,,,,
3,26599,,,,,,0.27321657538414,,,,
3,26649,,,,,,0.27373015880584717,,,,
3,26699,,,,,,0.2742437422275543,,,,
3,26749,,,,,,0.2747573256492615,,,,
3,26799,,,,,,0.27527090907096863,,,,
3,26849,,,,,,0.2757844924926758,,,,
3,26899,,,,,,0.27629807591438293,,,,
3,26949,,,,,,0.2768116593360901,,,,
3,26999,,,,,,0.27732524275779724,,,,
3,27049,,,,,,0.2778388261795044,,,,
3,27099,,,,,,0.27835240960121155,,,,
3,27149,,,,,,0.2788659930229187,,,,
3,27199,,,,,,0.27937957644462585,,,,
3,27249,,,,,,0.279893159866333,,,,
3,27299,,,,,,0.28040677309036255,,,,
3,27349,,,,,,0.2809203565120697,,,,
3,27399,,,,,,0.28143393993377686,,,,
3,27449,,,,,,0.281947523355484,,,,
3,27499,,,,,,0.28246110677719116,,,,
3,27549,,,,,,0.2829746901988983,,,,
3,27599,,,,,,0.28348827362060547,,,,
3,27649,,,,,,0.2840018570423126,,,,
3,27699,,,,,,0.2845154404640198,,,,
3,27749,,,,,,0.28502902388572693,,,,
3,27799,,,,,,0.2855426073074341,,,,
3,27849,,,,,,0.28605619072914124,,,,
3,27899,,,,,,0.2865697741508484,,,,
3,27949,,,,,,0.28708335757255554,,,,
3,27999,,,,,,0.2875969409942627,,,,
3,28049,,,,,,0.28811052441596985,,,,
3,28099,,,,,,0.288624107837677,,,,
3,28149,,,,,,0.28913769125938416,,,,
3,28199,,,,,,0.2896512746810913,,,,
3,28249,,,,,,0.29016485810279846,,,,
3,28299,,,,,,0.2906784415245056,,,,
3,28349,,,,,,0.29119202494621277,,,,
3,28399,,,,,,0.2917056083679199,,,,
3,28449,,,,,,0.2922191917896271,,,,
3,28499,,,,,,0.29273277521133423,,,,
3,28549,,,,,,0.2932463586330414,,,,
3,28599,,,,,,0.29375994205474854,,,,
3,28649,,,,,,0.2942735254764557,,,,
3,28699,,,,,,0.29478710889816284,,,,
3,28749,,,,,,0.29530069231987,,,,
3,28799,,,,,,0.29581427574157715,,,,
3,28849,,,,,,0.2963278591632843,,,,
3,28899,,,,,,0.29684144258499146,,,,
3,28949,,,,,,0.2973550260066986,,,,
3,28999,,,,,,0.29786863923072815,,,,
3,29049,,,,,,0.2983822226524353,,,,
3,29099,,,,,,0.29889580607414246,,,,
3,29149,,,,,,0.2994093894958496,,,,
3,29199,,,,,,0.29992297291755676,,,,
3,29249,,,,,,0.3004365563392639,,,,
3,29299,,,,,,0.30095013976097107,,,,
3,29349,,,,,,0.3014637231826782,,,,
3,29399,,,,,,0.3019773066043854,,,,
3,29449,,,,,,0.30249089002609253,,,,
3,29499,,,,,,0.3030044734477997,,,,
3,29549,,,,,,0.30351805686950684,,,,
3,29599,,,,,,0.304031640291214,,,,
3,29649,,,,,,0.30454522371292114,,,,
3,29699,,,,,,0.3050588071346283,,,,
3,29749,,,,,,0.30557239055633545,,,,
3,29799,,,,,,0.3060859739780426,,,,
3,29849,,,,,,0.30659955739974976,,,,
3,29899,,,,,,0.3071131408214569,,,,
3,29949,,,,,,0.30762672424316406,,,,
3,29999,,,,,,0.3081403076648712,,,,
3,30049,,,,,,0.30865389108657837,,,,
3,30099,,,,,,0.3091674745082855,,,,
3,30149,,,,,,0.3096810579299927,,,,
3,30199,,,,,,0.31019464135169983,,,,
3,30249,,,,,,0.310708224773407,,,,
3,30299,,,,,,0.31122180819511414,,,,
3,30349,,,,,,0.3117353916168213,,,,
3,30399,,,,,,0.31224897503852844,,,,
3,30449,,,,,,0.3127625584602356,,,,
3,30499,,,,,,0.31327614188194275,,,,
3,30549,,,,,,0.3137897253036499,,,,
3,30599,,,,,,0.31430330872535706,,,,
3,30649,,,,,,0.3148169219493866,,,,
3,30699,,,,,,0.31533050537109375,,,,
3,30749,,,,,,0.3158440887928009,,,,
3,30799,,,,,,0.31635767221450806,,,,
3,30849,,,,,,0.3168712556362152,,,,
3,30899,,,,,,0.31738483905792236,,,,
3,30949,,,,,,0.3178984224796295,,,,
3,30999,,,,,,0.31841200590133667,,,,
3,31049,,,,,,0.3189255893230438,,,,
3,31099,,,,,,0.319439172744751,,,,
3,31149,,,,,,0.31995275616645813,,,,
3,31199,,,,,,0.3204663395881653,,,,
3,31249,,,,,,0.32097992300987244,,,,
3,31299,,,,,,0.3214935064315796,,,,
3,31349,,,,,,0.32200708985328674,,,,
3,31399,,,,,,0.3225206732749939,,,,
3,31449,,,,,,0.32303425669670105,,,,
3,31499,,,,,,0.3235478401184082,,,,
3,31549,,,,,,0.32406142354011536,,,,
3,31599,,,,,,0.3245750069618225,,,,
3,31649,,,,,,0.32508859038352966,,,,
3,31699,,,,,,0.3256021738052368,,,,
3,31749,,,,,,0.32611575722694397,,,,
3,31799,,,,,,0.3266293406486511,,,,
3,31849,,,,,,0.3271429240703583,,,,
3,31899,,,,,,0.32765650749206543,,,,
3,31949,,,,,,0.3281700909137726,,,,
3,31999,,,,,,0.32868367433547974,,,,
3,32049,,,,,,0.3291972577571869,,,,
3,32099,,,,,,0.32971084117889404,,,,
3,32149,,,,,,0.3302244246006012,,,,
3,32199,,,,,,0.33073800802230835,,,,
3,32249,,,,,,0.3312515914440155,,,,
3,32299,,,,,,0.33176517486572266,,,,
3,32349,,,,,,0.3322787880897522,,,,
3,32399,,,,,,0.33279237151145935,,,,
3,32449,,,,,,0.3333059549331665,,,,
3,32451,,,,,,,,,0.4983593225479126,1.9333633184432983
3,32451,0.033017996698617935,0.4875585436820984,0.1348315328359604,0.014663347974419594,0.9999760985374451,,4.664990425109863,2.0435729026794434,,
4,32499,,,,,,0.33381953835487366,,,,
4,32549,,,,,,0.3343331217765808,,,,
4,32599,,,,,,0.33484670519828796,,,,
4,32649,,,,,,0.3353602886199951,,,,
4,32699,,,,,,0.33587387204170227,,,,
4,32749,,,,,,0.3363874554634094,,,,
4,32799,,,,,,0.3369010388851166,,,,
4,32849,,,,,,0.33741462230682373,,,,
4,32899,,,,,,0.3379282057285309,,,,
4,32949,,,,,,0.33844178915023804,,,,
4,32999,,,,,,0.3389553725719452,,,,
4,33049,,,,,,0.33946895599365234,,,,
4,33099,,,,,,0.3399825394153595,,,,
4,33149,,,,,,0.34049612283706665,,,,
4,33199,,,,,,0.3410097062587738,,,,
4,33249,,,,,,0.34152328968048096,,,,
4,33299,,,,,,0.3420368731021881,,,,
4,33349,,,,,,0.34255045652389526,,,,
4,33399,,,,,,0.3430640399456024,,,,
4,33449,,,,,,0.34357762336730957,,,,
4,33499,,,,,,0.3440912067890167,,,,
4,33549,,,,,,0.3446047902107239,,,,
4,33599,,,,,,0.34511837363243103,,,,
4,33649,,,,,,0.3456319570541382,,,,
4,33699,,,,,,0.34614554047584534,,,,
4,33749,,,,,,0.3466591238975525,,,,
4,33799,,,,,,0.34717270731925964,,,,
4,33849,,,,,,0.3476862907409668,,,,
4,33899,,,,,,0.34819987416267395,,,,
4,33949,,,,,,0.3487134575843811,,,,
4,33999,,,,,,0.34922704100608826,,,,
4,34049,,,,,,0.3497406542301178,,,,
4,34099,,,,,,0.35025423765182495,,,,
4,34149,,,,,,0.3507678210735321,,,,
4,34199,,,,,,0.35128140449523926,,,,
4,34249,,,,,,0.3517949879169464,,,,
4,34299,,,,,,0.35230857133865356,,,,
4,34349,,,,,,0.3528221547603607,,,,
4,34399,,,,,,0.35333573818206787,,,,
4,34449,,,,,,0.353849321603775,,,,
4,34499,,,,,,0.3543629050254822,,,,
4,34549,,,,,,0.35487648844718933,,,,
4,34599,,,,,,0.3553900718688965,,,,
4,34649,,,,,,0.35590365529060364,,,,
4,34699,,,,,,0.3564172387123108,,,,
4,34749,,,,,,0.35693082213401794,,,,
4,34799,,,,,,0.3574444055557251,,,,
4,34849,,,,,,0.35795798897743225,,,,
4,34899,,,,,,0.3584715723991394,,,,
4,34949,,,,,,0.35898515582084656,,,,
4,34999,,,,,,0.3594987392425537,,,,
4,35049,,,,,,0.36001232266426086,,,,
4,35099,,,,,,0.360525906085968,,,,
4,35149,,,,,,0.36103948950767517,,,,
4,35199,,,,,,0.3615530729293823,,,,
4,35249,,,,,,0.3620666563510895,,,,
4,35299,,,,,,0.36258023977279663,,,,
4,35349,,,,,,0.3630938231945038,,,,
4,35399,,,,,,0.36360740661621094,,,,
4,35449,,,,,,0.3641209900379181,,,,
4,35499,,,,,,0.36463457345962524,,,,
4,35549,,,,,,0.3651481568813324,,,,
4,35599,,,,,,0.36566174030303955,,,,
4,35649,,,,,,0.3661753237247467,,,,
4,35699,,,,,,0.36668890714645386,,,,
4,35749,,,,,,0.3672025203704834,,,,
4,35799,,,,,,0.36771610379219055,,,,
4,35849,,,,,,0.3682296872138977,,,,
4,35899,,,,,,0.36874327063560486,,,,
4,35949,,,,,,0.369256854057312,,,,
4,35999,,,,,,0.36977043747901917,,,,
4,36049,,,,,,0.3702840209007263,,,,
4,36099,,,,,,0.37079760432243347,,,,
4,36149,,,,,,0.3713111877441406,,,,
4,36199,,,,,,0.3718247711658478,,,,
4,36249,,,,,,0.37233835458755493,,,,
4,36299,,,,,,0.3728519380092621,,,,
4,36349,,,,,,0.37336552143096924,,,,
4,36399,,,,,,0.3738791048526764,,,,
4,36449,,,,,,0.37439268827438354,,,,
4,36499,,,,,,0.3749062716960907,,,,
4,36549,,,,,,0.37541985511779785,,,,
4,36599,,,,,,0.375933438539505,,,,
4,36649,,,,,,0.37644702196121216,,,,
4,36699,,,,,,0.3769606053829193,,,,
4,36749,,,,,,0.37747418880462646,,,,
4,36799,,,,,,0.3779877722263336,,,,
4,36849,,,,,,0.37850135564804077,,,,
4,36899,,,,,,0.3790149390697479,,,,
4,36949,,,,,,0.3795285224914551,,,,
4,36999,,,,,,0.38004210591316223,,,,
4,37049,,,,,,0.3805556893348694,,,,
4,37099,,,,,,0.38106927275657654,,,,
4,37149,,,,,,0.3815828561782837,,,,
4,37199,,,,,,0.38209643959999084,,,,
4,37249,,,,,,0.382610023021698,,,,
4,37299,,,,,,0.38312360644340515,,,,
4,37349,,,,,,0.3836371898651123,,,,
4,37399,,,,,,0.38415080308914185,,,,
4,37449,,,,,,0.384664386510849,,,,
4,37499,,,,,,0.38517796993255615,,,,
4,37549,,,,,,0.3856915533542633,,,,
4,37599,,,,,,0.38620513677597046,,,,
4,37649,,,,,,0.3867187201976776,,,,
4,37699,,,,,,0.38723230361938477,,,,
4,37749,,,,,,0.3877458870410919,,,,
4,37799,,,,,,0.3882594704627991,,,,
4,37849,,,,,,0.3887730538845062,,,,
4,37899,,,,,,0.3892866373062134,,,,
4,37949,,,,,,0.38980022072792053,,,,
4,37999,,,,,,0.3903138041496277,,,,
4,38049,,,,,,0.39082738757133484,,,,
4,38099,,,,,,0.391340970993042,,,,
4,38149,,,,,,0.39185455441474915,,,,
4,38199,,,,,,0.3923681378364563,,,,
4,38249,,,,,,0.39288172125816345,,,,
4,38299,,,,,,0.3933953046798706,,,,
4,38349,,,,,,0.39390888810157776,,,,
4,38399,,,,,,0.3944224715232849,,,,
4,38449,,,,,,0.39493605494499207,,,,
4,38499,,,,,,0.3954496383666992,,,,
4,38549,,,,,,0.39596322178840637,,,,
4,38599,,,,,,0.3964768052101135,,,,
4,38649,,,,,,0.3969903886318207,,,,
4,38699,,,,,,0.39750397205352783,,,,
4,38749,,,,,,0.398017555475235,,,,
4,38799,,,,,,0.39853113889694214,,,,
4,38849,,,,,,0.3990447223186493,,,,
4,38899,,,,,,0.39955830574035645,,,,
4,38949,,,,,,0.4000718891620636,,,,
4,38999,,,,,,0.40058547258377075,,,,
4,39049,,,,,,0.4010990560054779,,,,
4,39099,,,,,,0.40161266922950745,,,,
4,39149,,,,,,0.4021262526512146,,,,
4,39199,,,,,,0.40263983607292175,,,,
4,39249,,,,,,0.4031534194946289,,,,
4,39299,,,,,,0.40366700291633606,,,,
4,39349,,,,,,0.4041805863380432,,,,
4,39399,,,,,,0.40469416975975037,,,,
4,39449,,,,,,0.4052077531814575,,,,
4,39499,,,,,,0.4057213366031647,,,,
4,39549,,,,,,0.4062349200248718,,,,
4,39599,,,,,,0.406748503446579,,,,
4,39649,,,,,,0.40726208686828613,,,,
4,39699,,,,,,0.4077756702899933,,,,
4,39749,,,,,,0.40828925371170044,,,,
4,39799,,,,,,0.4088028371334076,,,,
4,39849,,,,,,0.40931642055511475,,,,
4,39899,,,,,,0.4098300039768219,,,,
4,39949,,,,,,0.41034358739852905,,,,
4,39999,,,,,,0.4108571708202362,,,,
4,40049,,,,,,0.41137075424194336,,,,
4,40099,,,,,,0.4118843376636505,,,,
4,40149,,,,,,0.41239792108535767,,,,
4,40199,,,,,,0.4129115045070648,,,,
4,40249,,,,,,0.413425087928772,,,,
4,40299,,,,,,0.4139386713504791,,,,
4,40349,,,,,,0.4144522547721863,,,,
4,40399,,,,,,0.41496583819389343,,,,
4,40449,,,,,,0.4154794216156006,,,,
4,40499,,,,,,0.41599300503730774,,,,
4,40549,,,,,,0.4165065884590149,,,,
4,40564,,,,,,,,,0.5501777529716492,1.7983624935150146
4,40564,0.03250185027718544,0.5700573325157166,0.13024725019931793,0.014647595584392548,0.9999985098838806,,4.6642255783081055,1.6684519052505493,,
5,40599,,,,,,0.41702017188072205,,,,
5,40649,,,,,,0.4175337553024292,,,,
5,40699,,,,,,0.41804733872413635,,,,
5,40749,,,,,,0.4185609221458435,,,,
5,40799,,,,,,0.41907453536987305,,,,
5,40849,,,,,,0.4195881187915802,,,,
5,40899,,,,,,0.42010170221328735,,,,
5,40949,,,,,,0.4206152856349945,,,,
5,40999,,,,,,0.42112886905670166,,,,
5,41049,,,,,,0.4216424524784088,,,,
5,41099,,,,,,0.42215603590011597,,,,
5,41149,,,,,,0.4226696193218231,,,,
5,41199,,,,,,0.4231832027435303,,,,
5,41249,,,,,,0.4236967861652374,,,,
5,41299,,,,,,0.4242103695869446,,,,
5,41349,,,,,,0.42472395300865173,,,,
5,41399,,,,,,0.4252375364303589,,,,
5,41449,,,,,,0.42575111985206604,,,,
5,41499,,,,,,0.4262647032737732,,,,
5,41549,,,,,,0.42677828669548035,,,,
5,41599,,,,,,0.4272918701171875,,,,
5,41649,,,,,,0.42780545353889465,,,,
5,41699,,,,,,0.4283190369606018,,,,
5,41749,,,,,,0.42883262038230896,,,,
5,41799,,,,,,0.4293462038040161,,,,
5,41849,,,,,,0.42985978722572327,,,,
5,41899,,,,,,0.4303733706474304,,,,
5,41949,,,,,,0.4308869540691376,,,,
5,41999,,,,,,0.4314005374908447,,,,
5,42049,,,,,,0.4319141209125519,,,,
5,42099,,,,,,0.43242770433425903,,,,
5,42149,,,,,,0.4329412877559662,,,,
5,42199,,,,,,0.43345487117767334,,,,
5,42249,,,,,,0.4339684545993805,,,,
5,42299,,,,,,0.43448203802108765,,,,
5,42349,,,,,,0.4349956214427948,,,,
5,42399,,,,,,0.43550920486450195,,,,
5,42449,,,,,,0.4360227882862091,,,,
5,42499,,,,,,0.43653640151023865,,,,
5,42549,,,,,,0.4370499849319458,,,,
5,42599,,,,,,0.43756356835365295,,,,
5,42649,,,,,,0.4380771517753601,,,,
5,42699,,,,,,0.43859073519706726,,,,
5,42749,,,,,,0.4391043186187744,,,,
5,42799,,,,,,0.43961790204048157,,,,
5,42849,,,,,,0.4401314854621887,,,,
5,42899,,,,,,0.4406450688838959,,,,
5,42949,,,,,,0.441158652305603,,,,
5,42999,,,,,,0.4416722357273102,,,,
5,43049,,,,,,0.44218581914901733,,,,
5,43099,,,,,,0.4426994025707245,,,,
5,43149,,,,,,0.44321298599243164,,,,
5,43199,,,,,,0.4437265694141388,,,,
5,43249,,,,,,0.44424015283584595,,,,
5,43299,,,,,,0.4447537362575531,,,,
5,43349,,,,,,0.44526731967926025,,,,
5,43399,,,,,,0.4457809031009674,,,,
5,43449,,,,,,0.44629448652267456,,,,
5,43499,,,,,,0.4468080699443817,,,,
5,43549,,,,,,0.44732165336608887,,,,
5,43599,,,,,,0.447835236787796,,,,
5,43649,,,,,,0.4483488202095032,,,,
5,43699,,,,,,0.4488624036312103,,,,
5,43749,,,,,,0.4493759870529175,,,,
5,43799,,,,,,0.44988957047462463,,,,
5,43849,,,,,,0.4504031538963318,,,,
5,43899,,,,,,0.45091673731803894,,,,
5,43949,,,,,,0.4514303207397461,,,,
5,43999,,,,,,0.45194390416145325,,,,
5,44049,,,,,,0.4524574875831604,,,,
5,44099,,,,,,0.45297107100486755,,,,
5,44149,,,,,,0.4534846842288971,,,,
5,44199,,,,,,0.45399826765060425,,,,
5,44249,,,,,,0.4545118510723114,,,,
5,44299,,,,,,0.45502543449401855,,,,
5,44349,,,,,,0.4555390179157257,,,,
5,44399,,,,,,0.45605260133743286,,,,
5,44449,,,,,,0.45656618475914,,,,
5,44499,,,,,,0.45707976818084717,,,,
5,44549,,,,,,0.4575933516025543,,,,
5,44599,,,,,,0.4581069350242615,,,,
5,44649,,,,,,0.45862051844596863,,,,
5,44699,,,,,,0.4591341018676758,,,,
5,44749,,,,,,0.45964768528938293,,,,
5,44799,,,,,,0.4601612687110901,,,,
5,44849,,,,,,0.46067485213279724,,,,
5,44899,,,,,,0.4611884355545044,,,,
5,44949,,,,,,0.46170201897621155,,,,
5,44999,,,,,,0.4622156023979187,,,,
5,45049,,,,,,0.46272918581962585,,,,
5,45099,,,,,,0.463242769241333,,,,
5,45149,,,,,,0.46375635266304016,,,,
5,45199,,,,,,0.4642699360847473,,,,
5,45249,,,,,,0.46478351950645447,,,,
5,45299,,,,,,0.4652971029281616,,,,
5,45349,,,,,,0.4658106863498688,,,,
5,45399,,,,,,0.4663242697715759,,,,
5,45449,,,,,,0.4668378531932831,,,,
5,45499,,,,,,0.46735143661499023,,,,
5,45549,,,,,,0.4678650200366974,,,,
5,45599,,,,,,0.46837860345840454,,,,
5,45649,,,,,,0.4688921868801117,,,,
5,45699,,,,,,0.46940577030181885,,,,
5,45749,,,,,,0.469919353723526,,,,
5,45799,,,,,,0.47043293714523315,,,,
5,45849,,,,,,0.4709465503692627,,,,
5,45899,,,,,,0.47146013379096985,,,,
5,45949,,,,,,0.471973717212677,,,,
5,45999,,,,,,0.47248730063438416,,,,
5,46049,,,,,,0.4730008840560913,,,,
5,46099,,,,,,0.47351446747779846,,,,
5,46149,,,,,,0.4740280508995056,,,,
5,46199,,,,,,0.47454163432121277,,,,
5,46249,,,,,,0.4750552177429199,,,,
5,46299,,,,,,0.4755688011646271,,,,
5,46349,,,,,,0.47608238458633423,,,,
5,46399,,,,,,0.4765959680080414,,,,
5,46449,,,,,,0.47710955142974854,,,,
5,46499,,,,,,0.4776231348514557,,,,
5,46549,,,,,,0.47813671827316284,,,,
5,46599,,,,,,0.47865030169487,,,,
5,46649,,,,,,0.47916388511657715,,,,
5,46699,,,,,,0.4796774685382843,,,,
5,46749,,,,,,0.48019105195999146,,,,
5,46799,,,,,,0.4807046353816986,,,,
5,46849,,,,,,0.48121821880340576,,,,
5,46899,,,,,,0.4817318022251129,,,,
5,46949,,,,,,0.48224538564682007,,,,
5,46999,,,,,,0.4827589690685272,,,,
5,47049,,,,,,0.4832725524902344,,,,
5,47099,,,,,,0.48378613591194153,,,,
5,47149,,,,,,0.4842997193336487,,,,
5,47199,,,,,,0.48481330275535583,,,,
5,47249,,,,,,0.485326886177063,,,,
5,47299,,,,,,0.48584046959877014,,,,
5,47349,,,,,,0.4863540530204773,,,,
5,47399,,,,,,0.48686763644218445,,,,
5,47449,,,,,,0.4873812198638916,,,,
5,47499,,,,,,0.48789480328559875,,,,
5,47549,,,,,,0.4884084165096283,,,,
5,47599,,,,,,0.48892199993133545,,,,
5,47649,,,,,,0.4894355833530426,,,,
5,47699,,,,,,0.48994916677474976,,,,
5,47749,,,,,,0.4904627501964569,,,,
5,47799,,,,,,0.49097633361816406,,,,
5,47849,,,,,,0.4914899170398712,,,,
5,47899,,,,,,0.49200350046157837,,,,
5,47949,,,,,,0.4925170838832855,,,,
5,47999,,,,,,0.4930306673049927,,,,
5,48049,,,,,,0.49354425072669983,,,,
5,48099,,,,,,0.494057834148407,,,,
5,48149,,,,,,0.49457141757011414,,,,
5,48199,,,,,,0.4950850009918213,,,,
5,48249,,,,,,0.49559858441352844,,,,
5,48299,,,,,,0.4961121678352356,,,,
5,48349,,,,,,0.49662575125694275,,,,
5,48399,,,,,,0.4971393346786499,,,,
5,48449,,,,,,0.49765291810035706,,,,
5,48499,,,,,,0.4981665015220642,,,,
5,48549,,,,,,0.49868008494377136,,,,
5,48599,,,,,,0.4991936683654785,,,,
5,48649,,,,,,0.49970725178718567,,,,
5,48677,,,,,,,,,0.6702215075492859,1.3920979499816895
5,48677,0.032232221215963364,0.6387434005737305,0.12521518766880035,0.01510024443268776,0.9999998807907104,,4.665592193603516,1.3849550485610962,,
6,48699,,,,,,0.5002208352088928,,,,
6,48749,,,,,,0.5007344484329224,,,,
6,48799,,,,,,0.5012480020523071,,,,
6,48849,,,,,,0.5017616152763367,,,,
6,48899,,,,,,0.5022751688957214,,,,
6,48949,,,,,,0.502788782119751,,,,
6,48999,,,,,,0.5033023357391357,,,,
6,49049,,,,,,0.5038159489631653,,,,
6,49099,,,,,,0.50432950258255,,,,
6,49149,,,,,,0.5048431158065796,,,,
6,49199,,,,,,0.5053566694259644,,,,
6,49249,,,,,,0.5058702826499939,,,,
6,49299,,,,,,0.5063838362693787,,,,
6,49349,,,,,,0.5068974494934082,,,,
6,49399,,,,,,0.507411003112793,,,,
6,49449,,,,,,0.5079246163368225,,,,
6,49499,,,,,,0.5084381699562073,,,,
6,49549,,,,,,0.5089517831802368,,,,
6,49599,,,,,,0.5094653367996216,,,,
6,49649,,,,,,0.5099789500236511,,,,
6,49699,,,,,,0.5104925036430359,,,,
6,49749,,,,,,0.5110061168670654,,,,
6,49799,,,,,,0.5115196704864502,,,,
6,49849,,,,,,0.5120332837104797,,,,
6,49899,,,,,,0.5125468373298645,,,,
6,49949,,,,,,0.513060450553894,,,,
6,49999,,,,,,0.5135740041732788,,,,
6,50049,,,,,,0.5140876173973083,,,,
6,50099,,,,,,0.5146012306213379,,,,
6,50149,,,,,,0.5151147842407227,,,,
6,50199,,,,,,0.5156283974647522,,,,
6,50249,,,,,,0.516141951084137,,,,
6,50299,,,,,,0.5166555643081665,,,,
6,50349,,,,,,0.5171691179275513,,,,
6,50399,,,,,,0.5176827311515808,,,,
6,50449,,,,,,0.5181962847709656,,,,
6,50499,,,,,,0.5187098979949951,,,,
6,50549,,,,,,0.5192234516143799,,,,
6,50599,,,,,,0.5197370648384094,,,,
6,50649,,,,,,0.5202506184577942,,,,
6,50699,,,,,,0.5207642316818237,,,,
6,50749,,,,,,0.5212777853012085,,,,
6,50799,,,,,,0.521791398525238,,,,
6,50849,,,,,,0.5223049521446228,,,,
6,50899,,,,,,0.5228185653686523,,,,
6,50949,,,,,,0.5233321189880371,,,,
6,50999,,,,,,0.5238457322120667,,,,
6,51049,,,,,,0.5243592858314514,,,,
6,51099,,,,,,0.524872899055481,,,,
6,51149,,,,,,0.5253864526748657,,,,
6,51199,,,,,,0.5259000658988953,,,,
6,51249,,,,,,0.52641361951828,,,,
6,51299,,,,,,0.5269272327423096,,,,
6,51349,,,,,,0.5274407863616943,,,,
6,51399,,,,,,0.5279543995857239,,,,
6,51449,,,,,,0.5284679532051086,,,,
6,51499,,,,,,0.5289815664291382,,,,
6,51549,,,,,,0.529495120048523,,,,
6,51599,,,,,,0.5300087332725525,,,,
6,51649,,,,,,0.5305222868919373,,,,
6,51699,,,,,,0.5310359001159668,,,,
6,51749,,,,,,0.5315495133399963,,,,
6,51799,,,,,,0.5320630669593811,,,,
6,51849,,,,,,0.5325766801834106,,,,
6,51899,,,,,,0.5330902338027954,,,,
6,51949,,,,,,0.533603847026825,,,,
6,51999,,,,,,0.5341174006462097,,,,
6,52049,,,,,,0.5346310138702393,,,,
6,52099,,,,,,0.535144567489624,,,,
6,52149,,,,,,0.5356581807136536,,,,
6,52199,,,,,,0.5361717343330383,,,,
6,52249,,,,,,0.5366853475570679,,,,
6,52299,,,,,,0.5371989011764526,,,,
6,52349,,,,,,0.5377125144004822,,,,
6,52399,,,,,,0.5382260680198669,,,,
6,52449,,,,,,0.5387396812438965,,,,
6,52499,,,,,,0.5392532348632812,,,,
6,52549,,,,,,0.5397668480873108,,,,
6,52599,,,,,,0.5402804017066956,,,,
6,52649,,,,,,0.5407940149307251,,,,
6,52699,,,,,,0.5413075685501099,,,,
6,52749,,,,,,0.5418211817741394,,,,
6,52799,,,,,,0.5423347353935242,,,,
6,52849,,,,,,0.5428483486175537,,,,
6,52899,,,,,,0.5433619022369385,,,,
6,52949,,,,,,0.543875515460968,,,,
6,52999,,,,,,0.5443890690803528,,,,
6,53049,,,,,,0.5449026823043823,,,,
6,53099,,,,,,0.5454162359237671,,,,
6,53149,,,,,,0.5459298491477966,,,,
6,53199,,,,,,0.5464434027671814,,,,
6,53249,,,,,,0.5469570159912109,,,,
6,53299,,,,,,0.5474705696105957,,,,
6,53349,,,,,,0.5479841828346252,,,,
6,53399,,,,,,0.54849773645401,,,,
6,53449,,,,,,0.5490113496780396,,,,
6,53499,,,,,,0.5495249629020691,,,,
6,53549,,,,,,0.5500385165214539,,,,
6,53599,,,,,,0.5505521297454834,,,,
6,53649,,,,,,0.5510656833648682,,,,
6,53699,,,,,,0.5515792965888977,,,,
6,53749,,,,,,0.5520928502082825,,,,
6,53799,,,,,,0.552606463432312,,,,
6,53849,,,,,,0.5531200170516968,,,,
6,53899,,,,,,0.5536336302757263,,,,
6,53949,,,,,,0.5541471838951111,,,,
6,53999,,,,,,0.5546607971191406,,,,
6,54049,,,,,,0.5551743507385254,,,,
6,54099,,,,,,0.5556879639625549,,,,
6,54149,,,,,,0.5562015175819397,,,,
6,54199,,,,,,0.5567151308059692,,,,
6,54249,,,,,,0.557228684425354,,,,
6,54299,,,,,,0.5577422976493835,,,,
6,54349,,,,,,0.5582558512687683,,,,
6,54399,,,,,,0.5587694644927979,,,,
6,54449,,,,,,0.5592830181121826,,,,
6,54499,,,,,,0.5597966313362122,,,,
6,54549,,,,,,0.5603101849555969,,,,
6,54599,,,,,,0.5608237981796265,,,,
6,54649,,,,,,0.5613373517990112,,,,
6,54699,,,,,,0.5618509650230408,,,,
6,54749,,,,,,0.5623645186424255,,,,
6,54799,,,,,,0.5628781318664551,,,,
6,54849,,,,,,0.5633916854858398,,,,
6,54899,,,,,,0.5639052987098694,,,,
6,54949,,,,,,0.5644188523292542,,,,
6,54999,,,,,,0.5649324655532837,,,,
6,55049,,,,,,0.5654460191726685,,,,
6,55099,,,,,,0.565959632396698,,,,
6,55149,,,,,,0.5664732456207275,,,,
6,55199,,,,,,0.5669867992401123,,,,
6,55249,,,,,,0.5675004124641418,,,,
6,55299,,,,,,0.5680139660835266,,,,
6,55349,,,,,,0.5685275793075562,,,,
6,55399,,,,,,0.5690411329269409,,,,
6,55449,,,,,,0.5695547461509705,,,,
6,55499,,,,,,0.5700682997703552,,,,
6,55549,,,,,,0.5705819129943848,,,,
6,55599,,,,,,0.5710954666137695,,,,
6,55649,,,,,,0.5716090798377991,,,,
6,55699,,,,,,0.5721226334571838,,,,
6,55749,,,,,,0.5726362466812134,,,,
6,55799,,,,,,0.5731498003005981,,,,
6,55849,,,,,,0.5736634135246277,,,,
6,55899,,,,,,0.5741769671440125,,,,
6,55949,,,,,,0.574690580368042,,,,
6,55999,,,,,,0.5752041339874268,,,,
6,56049,,,,,,0.5757177472114563,,,,
6,56099,,,,,,0.5762313008308411,,,,
6,56149,,,,,,0.5767449140548706,,,,
6,56199,,,,,,0.5772584676742554,,,,
6,56249,,,,,,0.5777720808982849,,,,
6,56299,,,,,,0.5782856345176697,,,,
6,56349,,,,,,0.5787992477416992,,,,
6,56399,,,,,,0.579312801361084,,,,
6,56449,,,,,,0.5798264145851135,,,,
6,56499,,,,,,0.5803399682044983,,,,
6,56549,,,,,,0.5808535814285278,,,,
6,56599,,,,,,0.5813671350479126,,,,
6,56649,,,,,,0.5818807482719421,,,,
6,56699,,,,,,0.5823943018913269,,,,
6,56749,,,,,,0.5829079151153564,,,,
6,56790,,,,,,,,,0.6700847744941711,1.3480888605117798
6,56790,0.03201651573181152,0.7066975831985474,0.11866092681884766,0.013628377579152584,0.9999999403953552,,4.667507648468018,1.10762619972229,,
7,56799,,,,,,0.583421528339386,,,,
7,56849,,,,,,0.5839350819587708,,,,
7,56899,,,,,,0.5844486951828003,,,,
7,56949,,,,,,0.5849622488021851,,,,
7,56999,,,,,,0.5854758620262146,,,,
7,57049,,,,,,0.5859894156455994,,,,
7,57099,,,,,,0.5865030288696289,,,,
7,57149,,,,,,0.5870165824890137,,,,
7,57199,,,,,,0.5875301957130432,,,,
7,57249,,,,,,0.588043749332428,,,,
7,57299,,,,,,0.5885573625564575,,,,
7,57349,,,,,,0.5890709161758423,,,,
7,57399,,,,,,0.5895845293998718,,,,
7,57449,,,,,,0.5900980830192566,,,,
7,57499,,,,,,0.5906116962432861,,,,
7,57549,,,,,,0.5911252498626709,,,,
7,57599,,,,,,0.5916388630867004,,,,
7,57649,,,,,,0.5921524167060852,,,,
7,57699,,,,,,0.5926660299301147,,,,
7,57749,,,,,,0.5931795835494995,,,,
7,57799,,,,,,0.593693196773529,,,,
7,57849,,,,,,0.5942067503929138,,,,
7,57899,,,,,,0.5947203636169434,,,,
7,57949,,,,,,0.5952339172363281,,,,
7,57999,,,,,,0.5957475304603577,,,,
7,58049,,,,,,0.5962610840797424,,,,
7,58099,,,,,,0.596774697303772,,,,
7,58149,,,,,,0.5972882509231567,,,,
7,58199,,,,,,0.5978018641471863,,,,
7,58249,,,,,,0.598315417766571,,,,
7,58299,,,,,,0.5988290309906006,,,,
7,58349,,,,,,0.5993425846099854,,,,
7,58399,,,,,,0.5998561978340149,,,,
7,58449,,,,,,0.6003697514533997,,,,
7,58499,,,,,,0.6008833646774292,,,,
7,58549,,,,,,0.6013969779014587,,,,
7,58599,,,,,,0.6019105315208435,,,,
7,58649,,,,,,0.602424144744873,,,,
7,58699,,,,,,0.6029376983642578,,,,
7,58749,,,,,,0.6034513115882874,,,,
7,58799,,,,,,0.6039648652076721,,,,
7,58849,,,,,,0.6044784784317017,,,,
7,58899,,,,,,0.6049920320510864,,,,
7,58949,,,,,,0.605505645275116,,,,
7,58999,,,,,,0.6060191988945007,,,,
7,59049,,,,,,0.6065328121185303,,,,
7,59099,,,,,,0.607046365737915,,,,
7,59149,,,,,,0.6075599789619446,,,,
7,59199,,,,,,0.6080735325813293,,,,
7,59249,,,,,,0.6085871458053589,,,,
7,59299,,,,,,0.6091006994247437,,,,
7,59349,,,,,,0.6096143126487732,,,,
7,59399,,,,,,0.610127866268158,,,,
7,59449,,,,,,0.6106414794921875,,,,
7,59499,,,,,,0.6111550331115723,,,,
7,59549,,,,,,0.6116686463356018,,,,
7,59599,,,,,,0.6121821999549866,,,,
7,59649,,,,,,0.6126958131790161,,,,
7,59699,,,,,,0.6132093667984009,,,,
7,59749,,,,,,0.6137229800224304,,,,
7,59799,,,,,,0.6142365336418152,,,,
7,59849,,,,,,0.6147501468658447,,,,
7,59899,,,,,,0.6152637004852295,,,,
7,59949,,,,,,0.615777313709259,,,,
7,59999,,,,,,0.6162908673286438,,,,
7,60049,,,,,,0.6168044805526733,,,,
7,60099,,,,,,0.6173180341720581,,,,
7,60149,,,,,,0.6178316473960876,,,,
7,60199,,,,,,0.6183452606201172,,,,
7,60249,,,,,,0.618858814239502,,,,
7,60299,,,,,,0.6193724274635315,,,,
7,60349,,,,,,0.6198859810829163,,,,
7,60399,,,,,,0.6203995943069458,,,,
7,60449,,,,,,0.6209131479263306,,,,
7,60499,,,,,,0.6214267611503601,,,,
7,60549,,,,,,0.6219403147697449,,,,
7,60599,,,,,,0.6224539279937744,,,,
7,60649,,,,,,0.6229674816131592,,,,
7,60699,,,,,,0.6234810948371887,,,,
7,60749,,,,,,0.6239946484565735,,,,
7,60799,,,,,,0.624508261680603,,,,
7,60849,,,,,,0.6250218152999878,,,,
7,60899,,,,,,0.6255354285240173,,,,
7,60949,,,,,,0.6260489821434021,,,,
7,60999,,,,,,0.6265625953674316,,,,
7,61049,,,,,,0.6270761489868164,,,,
7,61099,,,,,,0.627589762210846,,,,
7,61149,,,,,,0.6281033158302307,,,,
7,61199,,,,,,0.6286169290542603,,,,
7,61249,,,,,,0.629130482673645,,,,
7,61299,,,,,,0.6296440958976746,,,,
7,61349,,,,,,0.6301576495170593,,,,
7,61399,,,,,,0.6306712627410889,,,,
7,61449,,,,,,0.6311848163604736,,,,
7,61499,,,,,,0.6316984295845032,,,,
7,61549,,,,,,0.6322119832038879,,,,
7,61599,,,,,,0.6327255964279175,,,,
7,61649,,,,,,0.6332391500473022,,,,
7,61699,,,,,,0.6337527632713318,,,,
7,61749,,,,,,0.6342663168907166,,,,
7,61799,,,,,,0.6347799301147461,,,,
7,61849,,,,,,0.6352934837341309,,,,
7,61899,,,,,,0.6358070969581604,,,,
7,61949,,,,,,0.6363207101821899,,,,
7,61999,,,,,,0.6368342638015747,,,,
7,62049,,,,,,0.6373478770256042,,,,
7,62099,,,,,,0.637861430644989,,,,
7,62149,,,,,,0.6383750438690186,,,,
7,62199,,,,,,0.6388885974884033,,,,
7,62249,,,,,,0.6394022107124329,,,,
7,62299,,,,,,0.6399157643318176,,,,
7,62349,,,,,,0.6404293775558472,,,,
7,62399,,,,,,0.6409429311752319,,,,
7,62449,,,,,,0.6414565443992615,,,,
7,62499,,,,,,0.6419700980186462,,,,
7,62549,,,,,,0.6424837112426758,,,,
7,62599,,,,,,0.6429972648620605,,,,
7,62649,,,,,,0.6435108780860901,,,,
7,62699,,,,,,0.6440244317054749,,,,
7,62749,,,,,,0.6445380449295044,,,,
7,62799,,,,,,0.6450515985488892,,,,
7,62849,,,,,,0.6455652117729187,,,,
7,62899,,,,,,0.6460787653923035,,,,
7,62949,,,,,,0.646592378616333,,,,
7,62999,,,,,,0.6471059322357178,,,,
7,63049,,,,,,0.6476195454597473,,,,
7,63099,,,,,,0.6481330990791321,,,,
7,63149,,,,,,0.6486467123031616,,,,
7,63199,,,,,,0.6491602659225464,,,,
7,63249,,,,,,0.6496738791465759,,,,
7,63299,,,,,,0.6501874327659607,,,,
7,63349,,,,,,0.6507010459899902,,,,
7,63399,,,,,,0.651214599609375,,,,
7,63449,,,,,,0.6517282128334045,,,,
7,63499,,,,,,0.6522417664527893,,,,
7,63549,,,,,,0.6527553796768188,,,,
7,63599,,,,,,0.6532689929008484,,,,
7,63649,,,,,,0.6537825465202332,,,,
7,63699,,,,,,0.6542961597442627,,,,
7,63749,,,,,,0.6548097133636475,,,,
7,63799,,,,,,0.655323326587677,,,,
7,63849,,,,,,0.6558368802070618,,,,
7,63899,,,,,,0.6563504934310913,,,,
7,63949,,,,,,0.6568640470504761,,,,
7,63999,,,,,,0.6573776602745056,,,,
7,64049,,,,,,0.6578912138938904,,,,
7,64099,,,,,,0.6584048271179199,,,,
7,64149,,,,,,0.6589183807373047,,,,
7,64199,,,,,,0.6594319939613342,,,,
7,64249,,,,,,0.659945547580719,,,,
7,64299,,,,,,0.6604591608047485,,,,
7,64349,,,,,,0.6609727144241333,,,,
7,64399,,,,,,0.6614863276481628,,,,
7,64449,,,,,,0.6619998812675476,,,,
7,64499,,,,,,0.6625134944915771,,,,
7,64549,,,,,,0.6630270481109619,,,,
7,64599,,,,,,0.6635406613349915,,,,
7,64649,,,,,,0.6640542149543762,,,,
7,64699,,,,,,0.6645678281784058,,,,
7,64749,,,,,,0.6650813817977905,,,,
7,64799,,,,,,0.6655949950218201,,,,
7,64849,,,,,,0.6661085486412048,,,,
7,64899,,,,,,0.6666221618652344,,,,
7,64903,,,,,,,,,0.6752802729606628,1.444384217262268
7,64903,0.03321829065680504,0.7653765678405762,0.10981881618499756,0.013248427771031857,0.9999999403953552,,4.667572975158691,0.8660145401954651,,
8,64949,,,,,,0.6671357154846191,,,,
8,64999,,,,,,0.6676493287086487,,,,
8,65049,,,,,,0.6681628823280334,,,,
8,65099,,,,,,0.668676495552063,,,,
8,65149,,,,,,0.6691900491714478,,,,
8,65199,,,,,,0.6697036623954773,,,,
8,65249,,,,,,0.6702172756195068,,,,
8,65299,,,,,,0.6707308292388916,,,,
8,65349,,,,,,0.6712444424629211,,,,
8,65399,,,,,,0.6717579960823059,,,,
8,65449,,,,,,0.6722716093063354,,,,
8,65499,,,,,,0.6727851629257202,,,,
8,65549,,,,,,0.6732987761497498,,,,
8,65599,,,,,,0.6738123297691345,,,,
8,65649,,,,,,0.6743259429931641,,,,
8,65699,,,,,,0.6748394966125488,,,,
8,65749,,,,,,0.6753531098365784,,,,
8,65799,,,,,,0.6758666634559631,,,,
8,65849,,,,,,0.6763802766799927,,,,
8,65899,,,,,,0.6768938302993774,,,,
8,65949,,,,,,0.677407443523407,,,,
8,65999,,,,,,0.6779209971427917,,,,
8,66049,,,,,,0.6784346103668213,,,,
8,66099,,,,,,0.678948163986206,,,,
8,66149,,,,,,0.6794617772102356,,,,
8,66199,,,,,,0.6799753308296204,,,,
8,66249,,,,,,0.6804889440536499,,,,
8,66299,,,,,,0.6810024976730347,,,,
8,66349,,,,,,0.6815161108970642,,,,
8,66399,,,,,,0.682029664516449,,,,
8,66449,,,,,,0.6825432777404785,,,,
8,66499,,,,,,0.6830568313598633,,,,
8,66549,,,,,,0.6835704445838928,,,,
8,66599,,,,,,0.6840839982032776,,,,
8,66649,,,,,,0.6845976114273071,,,,
8,66699,,,,,,0.6851111650466919,,,,
8,66749,,,,,,0.6856247782707214,,,,
8,66799,,,,,,0.6861383318901062,,,,
8,66849,,,,,,0.6866519451141357,,,,
8,66899,,,,,,0.6871654987335205,,,,
8,66949,,,,,,0.68767911195755,,,,
8,66999,,,,,,0.6881927251815796,,,,
8,67049,,,,,,0.6887062788009644,,,,
8,67099,,,,,,0.6892198920249939,,,,
8,67149,,,,,,0.6897334456443787,,,,
8,67199,,,,,,0.6902470588684082,,,,
8,67249,,,,,,0.690760612487793,,,,
8,67299,,,,,,0.6912742257118225,,,,
8,67349,,,,,,0.6917877793312073,,,,
8,67399,,,,,,0.6923013925552368,,,,
8,67449,,,,,,0.6928149461746216,,,,
8,67499,,,,,,0.6933285593986511,,,,
8,67549,,,,,,0.6938421130180359,,,,
8,67599,,,,,,0.6943557262420654,,,,
8,67649,,,,,,0.6948692798614502,,,,
8,67699,,,,,,0.6953828930854797,,,,
8,67749,,,,,,0.6958964467048645,,,,
8,67799,,,,,,0.696410059928894,,,,
8,67849,,,,,,0.6969236135482788,,,,
8,67899,,,,,,0.6974372267723083,,,,
8,67949,,,,,,0.6979507803916931,,,,
8,67999,,,,,,0.6984643936157227,,,,
8,68049,,,,,,0.6989779472351074,,,,
8,68099,,,,,,0.699491560459137,,,,
8,68149,,,,,,0.7000051140785217,,,,
8,68199,,,,,,0.7005187273025513,,,,
8,68249,,,,,,0.701032280921936,,,,
8,68299,,,,,,0.7015458941459656,,,,
8,68349,,,,,,0.7020594477653503,,,,
8,68399,,,,,,0.7025730609893799,,,,
8,68449,,,,,,0.7030866146087646,,,,
8,68499,,,,,,0.7036002278327942,,,,
8,68549,,,,,,0.704113781452179,,,,
8,68599,,,,,,0.7046273946762085,,,,
8,68649,,,,,,0.705141007900238,,,,
8,68699,,,,,,0.7056545615196228,,,,
8,68749,,,,,,0.7061681747436523,,,,
8,68799,,,,,,0.7066817283630371,,,,
8,68849,,,,,,0.7071953415870667,,,,
8,68899,,,,,,0.7077088952064514,,,,
8,68949,,,,,,0.708222508430481,,,,
8,68999,,,,,,0.7087360620498657,,,,
8,69049,,,,,,0.7092496752738953,,,,
8,69099,,,,,,0.70976322889328,,,,
8,69149,,,,,,0.7102768421173096,,,,
8,69199,,,,,,0.7107903957366943,,,,
8,69249,,,,,,0.7113040089607239,,,,
8,69299,,,,,,0.7118175625801086,,,,
8,69349,,,,,,0.7123311758041382,,,,
8,69399,,,,,,0.712844729423523,,,,
8,69449,,,,,,0.7133583426475525,,,,
8,69499,,,,,,0.7138718962669373,,,,
8,69549,,,,,,0.7143855094909668,,,,
8,69599,,,,,,0.7148990631103516,,,,
8,69649,,,,,,0.7154126763343811,,,,
8,69699,,,,,,0.7159262299537659,,,,
8,69749,,,,,,0.7164398431777954,,,,
8,69799,,,,,,0.7169533967971802,,,,
8,69849,,,,,,0.7174670100212097,,,,
8,69899,,,,,,0.7179805636405945,,,,
8,69949,,,,,,0.718494176864624,,,,
8,69999,,,,,,0.7190077304840088,,,,
8,70049,,,,,,0.7195213437080383,,,,
8,70099,,,,,,0.7200348973274231,,,,
8,70149,,,,,,0.7205485105514526,,,,
8,70199,,,,,,0.7210620641708374,,,,
8,70249,,,,,,0.7215756773948669,,,,
8,70299,,,,,,0.7220892906188965,,,,
8,70349,,,,,,0.7226028442382812,,,,
8,70399,,,,,,0.7231164574623108,,,,
8,70449,,,,,,0.7236300110816956,,,,
8,70499,,,,,,0.7241436243057251,,,,
8,70549,,,,,,0.7246571779251099,,,,
8,70599,,,,,,0.7251707911491394,,,,
8,70649,,,,,,0.7256843447685242,,,,
8,70699,,,,,,0.7261979579925537,,,,
8,70749,,,,,,0.7267115116119385,,,,
8,70799,,,,,,0.727225124835968,,,,
8,70849,,,,,,0.7277386784553528,,,,
8,70899,,,,,,0.7282522916793823,,,,
8,70949,,,,,,0.7287658452987671,,,,
8,70999,,,,,,0.7292794585227966,,,,
8,71049,,,,,,0.7297930121421814,,,,
8,71099,,,,,,0.7303066253662109,,,,
8,71149,,,,,,0.7308201789855957,,,,
8,71199,,,,,,0.7313337922096252,,,,
8,71249,,,,,,0.73184734582901,,,,
8,71299,,,,,,0.7323609590530396,,,,
8,71349,,,,,,0.7328745126724243,,,,
8,71399,,,,,,0.7333881258964539,,,,
8,71449,,,,,,0.7339016795158386,,,,
8,71499,,,,,,0.7344152927398682,,,,
8,71549,,,,,,0.7349288463592529,,,,
8,71599,,,,,,0.7354424595832825,,,,
8,71649,,,,,,0.7359560132026672,,,,
8,71699,,,,,,0.7364696264266968,,,,
8,71749,,,,,,0.7369831800460815,,,,
8,71799,,,,,,0.7374967932701111,,,,
8,71849,,,,,,0.7380103468894958,,,,
8,71899,,,,,,0.7385239601135254,,,,
8,71949,,,,,,0.7390375137329102,,,,
8,71999,,,,,,0.7395511269569397,,,,
8,72049,,,,,,0.7400647401809692,,,,
8,72099,,,,,,0.740578293800354,,,,
8,72149,,,,,,0.7410919070243835,,,,
8,72199,,,,,,0.7416054606437683,,,,
8,72249,,,,,,0.7421190738677979,,,,
8,72299,,,,,,0.7426326274871826,,,,
8,72349,,,,,,0.7431462407112122,,,,
8,72399,,,,,,0.7436597943305969,,,,
8,72449,,,,,,0.7441734075546265,,,,
8,72499,,,,,,0.7446869611740112,,,,
8,72549,,,,,,0.7452005743980408,,,,
8,72599,,,,,,0.7457141280174255,,,,
8,72649,,,,,,0.7462277412414551,,,,
8,72699,,,,,,0.7467412948608398,,,,
8,72749,,,,,,0.7472549080848694,,,,
8,72799,,,,,,0.7477684617042542,,,,
8,72849,,,,,,0.7482820749282837,,,,
8,72899,,,,,,0.7487956285476685,,,,
8,72949,,,,,,0.749309241771698,,,,
8,72999,,,,,,0.7498227953910828,,,,
8,73016,,,,,,,,,0.6525840759277344,1.5177346467971802
8,73016,0.0327252559363842,0.8221912384033203,0.09856627881526947,0.011515100486576557,0.9999999403953552,,4.668402671813965,0.6604868173599243,,
9,73049,,,,,,0.7503364086151123,,,,
9,73099,,,,,,0.7508499622344971,,,,
9,73149,,,,,,0.7513635754585266,,,,
9,73199,,,,,,0.7518771290779114,,,,
9,73249,,,,,,0.7523907423019409,,,,
9,73299,,,,,,0.7529042959213257,,,,
9,73349,,,,,,0.7534179091453552,,,,
9,73399,,,,,,0.75393146276474,,,,
9,73449,,,,,,0.7544450759887695,,,,
9,73499,,,,,,0.7549586296081543,,,,
9,73549,,,,,,0.7554722428321838,,,,
9,73599,,,,,,0.7559857964515686,,,,
9,73649,,,,,,0.7564994096755981,,,,
9,73699,,,,,,0.7570130228996277,,,,
9,73749,,,,,,0.7575265765190125,,,,
9,73799,,,,,,0.758040189743042,,,,
9,73849,,,,,,0.7585537433624268,,,,
9,73899,,,,,,0.7590673565864563,,,,
9,73949,,,,,,0.7595809102058411,,,,
9,73999,,,,,,0.7600945234298706,,,,
9,74049,,,,,,0.7606080770492554,,,,
9,74099,,,,,,0.7611216902732849,,,,
9,74149,,,,,,0.7616352438926697,,,,
9,74199,,,,,,0.7621488571166992,,,,
9,74249,,,,,,0.762662410736084,,,,
9,74299,,,,,,0.7631760239601135,,,,
9,74349,,,,,,0.7636895775794983,,,,
9,74399,,,,,,0.7642031908035278,,,,
9,74449,,,,,,0.7647167444229126,,,,
9,74499,,,,,,0.7652303576469421,,,,
9,74549,,,,,,0.7657439112663269,,,,
9,74599,,,,,,0.7662575244903564,,,,
9,74649,,,,,,0.7667710781097412,,,,
9,74699,,,,,,0.7672846913337708,,,,
9,74749,,,,,,0.7677982449531555,,,,
9,74799,,,,,,0.7683118581771851,,,,
9,74849,,,,,,0.7688254117965698,,,,
9,74899,,,,,,0.7693390250205994,,,,
9,74949,,,,,,0.7698525786399841,,,,
9,74999,,,,,,0.7703661918640137,,,,
9,75049,,,,,,0.7708797454833984,,,,
9,75099,,,,,,0.771393358707428,,,,
9,75149,,,,,,0.7719069123268127,,,,
9,75199,,,,,,0.7724205255508423,,,,
9,75249,,,,,,0.772934079170227,,,,
9,75299,,,,,,0.7734476923942566,,,,
9,75349,,,,,,0.7739612460136414,,,,
9,75399,,,,,,0.7744748592376709,,,,
9,75449,,,,,,0.7749884724617004,,,,
9,75499,,,,,,0.7755020260810852,,,,
9,75549,,,,,,0.7760156393051147,,,,
9,75599,,,,,,0.7765291929244995,,,,
9,75649,,,,,,0.777042806148529,,,,
9,75699,,,,,,0.7775563597679138,,,,
9,75749,,,,,,0.7780699729919434,,,,
9,75799,,,,,,0.7785835266113281,,,,
9,75849,,,,,,0.7790971398353577,,,,
9,75899,,,,,,0.7796106934547424,,,,
9,75949,,,,,,0.780124306678772,,,,
9,75999,,,,,,0.7806378602981567,,,,
9,76049,,,,,,0.7811514735221863,,,,
9,76099,,,,,,0.781665027141571,,,,
9,76149,,,,,,0.7821786403656006,,,,
9,76199,,,,,,0.7826921939849854,,,,
9,76249,,,,,,0.7832058072090149,,,,
9,76299,,,,,,0.7837193608283997,,,,
9,76349,,,,,,0.7842329740524292,,,,
9,76399,,,,,,0.784746527671814,,,,
9,76449,,,,,,0.7852601408958435,,,,
9,76499,,,,,,0.7857736945152283,,,,
9,76549,,,,,,0.7862873077392578,,,,
9,76599,,,,,,0.7868008613586426,,,,
9,76649,,,,,,0.7873144745826721,,,,
9,76699,,,,,,0.7878280282020569,,,,
9,76749,,,,,,0.7883416414260864,,,,
9,76799,,,,,,0.7888551950454712,,,,
9,76849,,,,,,0.7893688082695007,,,,
9,76899,,,,,,0.7898823618888855,,,,
9,76949,,,,,,0.790395975112915,,,,
9,76999,,,,,,0.7909095287322998,,,,
9,77049,,,,,,0.7914231419563293,,,,
9,77099,,,,,,0.7919367551803589,,,,
9,77149,,,,,,0.7924503087997437,,,,
9,77199,,,,,,0.7929639220237732,,,,
9,77249,,,,,,0.793477475643158,,,,
9,77299,,,,,,0.7939910888671875,,,,
9,77349,,,,,,0.7945046424865723,,,,
9,77399,,,,,,0.7950182557106018,,,,
9,77449,,,,,,0.7955318093299866,,,,
9,77499,,,,,,0.7960454225540161,,,,
9,77549,,,,,,0.7965589761734009,,,,
9,77599,,,,,,0.7970725893974304,,,,
9,77649,,,,,,0.7975861430168152,,,,
9,77699,,,,,,0.7980997562408447,,,,
9,77749,,,,,,0.7986133098602295,,,,
9,77799,,,,,,0.799126923084259,,,,
9,77849,,,,,,0.7996404767036438,,,,
9,77899,,,,,,0.8001540899276733,,,,
9,77949,,,,,,0.8006676435470581,,,,
9,77999,,,,,,0.8011812567710876,,,,
9,78049,,,,,,0.8016948103904724,,,,
9,78099,,,,,,0.802208423614502,,,,
9,78149,,,,,,0.8027219772338867,,,,
9,78199,,,,,,0.8032355904579163,,,,
9,78249,,,,,,0.803749144077301,,,,
9,78299,,,,,,0.8042627573013306,,,,
9,78349,,,,,,0.8047763109207153,,,,
9,78399,,,,,,0.8052899241447449,,,,
9,78449,,,,,,0.8058034777641296,,,,
9,78499,,,,,,0.8063170909881592,,,,
9,78549,,,,,,0.806830644607544,,,,
9,78599,,,,,,0.8073442578315735,,,,
9,78649,,,,,,0.8078578114509583,,,,
9,78699,,,,,,0.8083714246749878,,,,
9,78749,,,,,,0.8088850378990173,,,,
9,78799,,,,,,0.8093985915184021,,,,
9,78849,,,,,,0.8099122047424316,,,,
9,78899,,,,,,0.8104257583618164,,,,
9,78949,,,,,,0.810939371585846,,,,
9,78999,,,,,,0.8114529252052307,,,,
9,79049,,,,,,0.8119665384292603,,,,
9,79099,,,,,,0.812480092048645,,,,
9,79149,,,,,,0.8129937052726746,,,,
9,79199,,,,,,0.8135072588920593,,,,
9,79249,,,,,,0.8140208721160889,,,,
9,79299,,,,,,0.8145344257354736,,,,
9,79349,,,,,,0.8150480389595032,,,,
9,79399,,,,,,0.8155615925788879,,,,
9,79449,,,,,,0.8160752058029175,,,,
9,79499,,,,,,0.8165887594223022,,,,
9,79549,,,,,,0.8171023726463318,,,,
9,79599,,,,,,0.8176159262657166,,,,
9,79649,,,,,,0.8181295394897461,,,,
9,79699,,,,,,0.8186430931091309,,,,
9,79749,,,,,,0.8191567063331604,,,,
9,79799,,,,,,0.8196702599525452,,,,
9,79849,,,,,,0.8201838731765747,,,,
9,79899,,,,,,0.8206974267959595,,,,
9,79949,,,,,,0.821211040019989,,,,
9,79999,,,,,,0.8217245936393738,,,,
9,80049,,,,,,0.8222382068634033,,,,
9,80099,,,,,,0.8227517604827881,,,,
9,80149,,,,,,0.8232653737068176,,,,
9,80199,,,,,,0.8237789273262024,,,,
9,80249,,,,,,0.8242925405502319,,,,
9,80299,,,,,,0.8248060941696167,,,,
9,80349,,,,,,0.8253197073936462,,,,
9,80399,,,,,,0.825833261013031,,,,
9,80449,,,,,,0.8263468742370605,,,,
9,80499,,,,,,0.8268604874610901,,,,
9,80549,,,,,,0.8273740410804749,,,,
9,80599,,,,,,0.8278876543045044,,,,
9,80649,,,,,,0.8284012079238892,,,,
9,80699,,,,,,0.8289148211479187,,,,
9,80749,,,,,,0.8294283747673035,,,,
9,80799,,,,,,0.829941987991333,,,,
9,80849,,,,,,0.8304555416107178,,,,
9,80899,,,,,,0.8309691548347473,,,,
9,80949,,,,,,0.8314827084541321,,,,
9,80999,,,,,,0.8319963216781616,,,,
9,81049,,,,,,0.8325098752975464,,,,
9,81099,,,,,,0.8330234885215759,,,,
9,81129,,,,,,,,,0.6477987170219421,1.481728196144104
9,81129,0.033017996698617935,0.866533637046814,0.086803138256073,0.009723607450723648,0.9999999403953552,,4.6699299812316895,0.4855997562408447,,
10,81149,,,,,,0.8335370421409607,,,,
10,81199,,,,,,0.8340506553649902,,,,
10,81249,,,,,,0.834564208984375,,,,
10,81299,,,,,,0.8350778222084045,,,,
10,81349,,,,,,0.8355913758277893,,,,
10,81399,,,,,,0.8361049890518188,,,,
10,81449,,,,,,0.8366185426712036,,,,
10,81499,,,,,,0.8371321558952332,,,,
10,81549,,,,,,0.8376457095146179,,,,
10,81599,,,,,,0.8381593227386475,,,,
10,81649,,,,,,0.8386728763580322,,,,
10,81699,,,,,,0.8391864895820618,,,,
10,81749,,,,,,0.8397000432014465,,,,
10,81799,,,,,,0.8402136564254761,,,,
10,81849,,,,,,0.8407272100448608,,,,
10,81899,,,,,,0.8412408232688904,,,,
10,81949,,,,,,0.8417543768882751,,,,
10,81999,,,,,,0.8422679901123047,,,,
10,82049,,,,,,0.8427815437316895,,,,
10,82099,,,,,,0.843295156955719,,,,
10,82149,,,,,,0.8438087701797485,,,,
10,82199,,,,,,0.8443223237991333,,,,
10,82249,,,,,,0.8448359370231628,,,,
10,82299,,,,,,0.8453494906425476,,,,
10,82349,,,,,,0.8458631038665771,,,,
10,82399,,,,,,0.8463766574859619,,,,
10,82449,,,,,,0.8468902707099915,,,,
10,82499,,,,,,0.8474038243293762,,,,
10,82549,,,,,,0.8479174375534058,,,,
10,82599,,,,,,0.8484309911727905,,,,
10,82649,,,,,,0.8489446043968201,,,,
10,82699,,,,,,0.8494581580162048,,,,
10,82749,,,,,,0.8499717712402344,,,,
10,82799,,,,,,0.8504853248596191,,,,
10,82849,,,,,,0.8509989380836487,,,,
10,82899,,,,,,0.8515124917030334,,,,
10,82949,,,,,,0.852026104927063,,,,
10,82999,,,,,,0.8525396585464478,,,,
10,83049,,,,,,0.8530532717704773,,,,
10,83099,,,,,,0.8535668253898621,,,,
10,83149,,,,,,0.8540804386138916,,,,
10,83199,,,,,,0.8545939922332764,,,,
10,83249,,,,,,0.8551076054573059,,,,
10,83299,,,,,,0.8556211590766907,,,,
10,83349,,,,,,0.8561347723007202,,,,
10,83399,,,,,,0.856648325920105,,,,
10,83449,,,,,,0.8571619391441345,,,,
10,83499,,,,,,0.8576754927635193,,,,
10,83549,,,,,,0.8581891059875488,,,,
10,83599,,,,,,0.8587026596069336,,,,
10,83649,,,,,,0.8592162728309631,,,,
10,83699,,,,,,0.8597298264503479,,,,
10,83749,,,,,,0.8602434396743774,,,,
10,83799,,,,,,0.860757052898407,,,,
10,83849,,,,,,0.8612706065177917,,,,
10,83899,,,,,,0.8617842197418213,,,,
10,83949,,,,,,0.862297773361206,,,,
10,83999,,,,,,0.8628113865852356,,,,
10,84049,,,,,,0.8633249402046204,,,,
10,84099,,,,,,0.8638385534286499,,,,
10,84149,,,,,,0.8643521070480347,,,,
10,84199,,,,,,0.8648657202720642,,,,
10,84249,,,,,,0.865379273891449,,,,
10,84299,,,,,,0.8658928871154785,,,,
10,84349,,,,,,0.8664064407348633,,,,
10,84399,,,,,,0.8669200539588928,,,,
10,84449,,,,,,0.8674336075782776,,,,
10,84499,,,,,,0.8679472208023071,,,,
10,84549,,,,,,0.8684607744216919,,,,
10,84599,,,,,,0.8689743876457214,,,,
10,84649,,,,,,0.8694879412651062,,,,
10,84699,,,,,,0.8700015544891357,,,,
10,84749,,,,,,0.8705151081085205,,,,
10,84799,,,,,,0.87102872133255,,,,
10,84849,,,,,,0.8715422749519348,,,,
10,84899,,,,,,0.8720558881759644,,,,
10,84949,,,,,,0.8725694417953491,,,,
10,84999,,,,,,0.8730830550193787,,,,
10,85049,,,,,,0.8735966086387634,,,,
10,85099,,,,,,0.874110221862793,,,,
10,85149,,,,,,0.8746237754821777,,,,
10,85199,,,,,,0.8751373887062073,,,,
10,85249,,,,,,0.875650942325592,,,,
10,85299,,,,,,0.8761645555496216,,,,
10,85349,,,,,,0.8766781091690063,,,,
10,85399,,,,,,0.8771917223930359,,,,
10,85449,,,,,,0.8777052760124207,,,,
10,85499,,,,,,0.8782188892364502,,,,
10,85549,,,,,,0.8787325024604797,,,,
10,85599,,,,,,0.8792460560798645,,,,
10,85649,,,,,,0.879759669303894,,,,
10,85699,,,,,,0.8802732229232788,,,,
10,85749,,,,,,0.8807868361473083,,,,
10,85799,,,,,,0.8813003897666931,,,,
10,85849,,,,,,0.8818140029907227,,,,
10,85899,,,,,,0.8823275566101074,,,,
10,85949,,,,,,0.882841169834137,,,,
10,85999,,,,,,0.8833547234535217,,,,
10,86049,,,,,,0.8838683366775513,,,,
10,86099,,,,,,0.884381890296936,,,,
10,86149,,,,,,0.8848955035209656,,,,
10,86199,,,,,,0.8854090571403503,,,,
10,86249,,,,,,0.8859226703643799,,,,
10,86299,,,,,,0.8864362239837646,,,,
10,86349,,,,,,0.8869498372077942,,,,
10,86399,,,,,,0.887463390827179,,,,
10,86449,,,,,,0.8879770040512085,,,,
10,86499,,,,,,0.8884905576705933,,,,
10,86549,,,,,,0.8890041708946228,,,,
10,86599,,,,,,0.8895177245140076,,,,
10,86649,,,,,,0.8900313377380371,,,,
10,86699,,,,,,0.8905448913574219,,,,
10,86749,,,,,,0.8910585045814514,,,,
10,86799,,,,,,0.8915720582008362,,,,
10,86849,,,,,,0.8920856714248657,,,,
10,86899,,,,,,0.8925992250442505,,,,
10,86949,,,,,,0.89311283826828,,,,
10,86999,,,,,,0.8936263918876648,,,,
10,87049,,,,,,0.8941400051116943,,,,
10,87099,,,,,,0.8946535587310791,,,,
10,87149,,,,,,0.8951671719551086,,,,
10,87199,,,,,,0.8956807851791382,,,,
10,87249,,,,,,0.896194338798523,,,,
10,87299,,,,,,0.8967079520225525,,,,
10,87349,,,,,,0.8972215056419373,,,,
10,87399,,,,,,0.8977351188659668,,,,
10,87449,,,,,,0.8982486724853516,,,,
10,87499,,,,,,0.8987622857093811,,,,
10,87549,,,,,,0.8992758393287659,,,,
10,87599,,,,,,0.8997894525527954,,,,
10,87649,,,,,,0.9003030061721802,,,,
10,87699,,,,,,0.9008166193962097,,,,
10,87749,,,,,,0.9013301730155945,,,,
10,87799,,,,,,0.901843786239624,,,,
10,87849,,,,,,0.9023573398590088,,,,
10,87899,,,,,,0.9028709530830383,,,,
10,87949,,,,,,0.9033845067024231,,,,
10,87999,,,,,,0.9038981199264526,,,,
10,88049,,,,,,0.9044116735458374,,,,
10,88099,,,,,,0.9049252867698669,,,,
10,88149,,,,,,0.9054388403892517,,,,
10,88199,,,,,,0.9059524536132812,,,,
10,88249,,,,,,0.906466007232666,,,,
10,88299,,,,,,0.9069796204566956,,,,
10,88349,,,,,,0.9074931740760803,,,,
10,88399,,,,,,0.9080067873001099,,,,
10,88449,,,,,,0.9085203409194946,,,,
10,88499,,,,,,0.9090339541435242,,,,
10,88549,,,,,,0.9095475077629089,,,,
10,88599,,,,,,0.9100611209869385,,,,
10,88649,,,,,,0.9105746746063232,,,,
10,88699,,,,,,0.9110882878303528,,,,
10,88749,,,,,,0.9116018414497375,,,,
10,88799,,,,,,0.9121154546737671,,,,
10,88849,,,,,,0.9126290082931519,,,,
10,88899,,,,,,0.9131426215171814,,,,
10,88949,,,,,,0.9136562347412109,,,,
10,88999,,,,,,0.9141697883605957,,,,
10,89049,,,,,,0.9146834015846252,,,,
10,89099,,,,,,0.91519695520401,,,,
10,89149,,,,,,0.9157105684280396,,,,
10,89199,,,,,,0.9162241220474243,,,,
10,89242,,,,,,,,,0.5773858428001404,2.1001458168029785
10,89242,0.032902441918849945,0.8790444135665894,0.0874081626534462,0.011914282105863094,1.0,,4.66935396194458,0.444998562335968,,
11,89249,,,,,,0.9167377352714539,,,,
11,89299,,,,,,0.9172512888908386,,,,
11,89349,,,,,,0.9177649021148682,,,,
11,89399,,,,,,0.9182784557342529,,,,
11,89449,,,,,,0.9187920689582825,,,,
11,89499,,,,,,0.9193056225776672,,,,
11,89549,,,,,,0.9198192358016968,,,,
11,89599,,,,,,0.9203327894210815,,,,
11,89649,,,,,,0.9208464026451111,,,,
11,89699,,,,,,0.9213599562644958,,,,
11,89749,,,,,,0.9218735694885254,,,,
11,89799,,,,,,0.9223871231079102,,,,
11,89849,,,,,,0.9229007363319397,,,,
11,89899,,,,,,0.9234142899513245,,,,
11,89949,,,,,,0.923927903175354,,,,
11,89999,,,,,,0.9244414567947388,,,,
11,90049,,,,,,0.9249550700187683,,,,
11,90099,,,,,,0.9254686236381531,,,,
11,90149,,,,,,0.9259822368621826,,,,
11,90199,,,,,,0.9264957904815674,,,,
11,90249,,,,,,0.9270094037055969,,,,
11,90299,,,,,,0.9275229573249817,,,,
11,90349,,,,,,0.9280365705490112,,,,
11,90399,,,,,,0.928550124168396,,,,
11,90449,,,,,,0.9290637373924255,,,,
11,90499,,,,,,0.9295772910118103,,,,
11,90549,,,,,,0.9300909042358398,,,,
11,90599,,,,,,0.9306045174598694,,,,
11,90649,,,,,,0.9311180710792542,,,,
11,90699,,,,,,0.9316316843032837,,,,
11,90749,,,,,,0.9321452379226685,,,,
11,90799,,,,,,0.932658851146698,,,,
11,90849,,,,,,0.9331724047660828,,,,
11,90899,,,,,,0.9336860179901123,,,,
11,90949,,,,,,0.9341995716094971,,,,
11,90999,,,,,,0.9347131848335266,,,,
11,91049,,,,,,0.9352267384529114,,,,
11,91099,,,,,,0.9357403516769409,,,,
11,91149,,,,,,0.9362539052963257,,,,
11,91199,,,,,,0.9367675185203552,,,,
11,91249,,,,,,0.93728107213974,,,,
11,91299,,,,,,0.9377946853637695,,,,
11,91349,,,,,,0.9383082389831543,,,,
11,91399,,,,,,0.9388218522071838,,,,
11,91449,,,,,,0.9393354058265686,,,,
11,91499,,,,,,0.9398490190505981,,,,
11,91549,,,,,,0.9403625726699829,,,,
11,91599,,,,,,0.9408761858940125,,,,
11,91649,,,,,,0.9413897395133972,,,,
11,91699,,,,,,0.9419033527374268,,,,
11,91749,,,,,,0.9424169063568115,,,,
11,91799,,,,,,0.9429305195808411,,,,
11,91849,,,,,,0.9434440732002258,,,,
11,91899,,,,,,0.9439576864242554,,,,
11,91949,,,,,,0.9444712400436401,,,,
11,91999,,,,,,0.9449848532676697,,,,
11,92049,,,,,,0.9454984068870544,,,,
11,92099,,,,,,0.946012020111084,,,,
11,92149,,,,,,0.9465255737304688,,,,
11,92199,,,,,,0.9470391869544983,,,,
11,92249,,,,,,0.9475528001785278,,,,
11,92299,,,,,,0.9480663537979126,,,,
11,92349,,,,,,0.9485799670219421,,,,
11,92399,,,,,,0.9490935206413269,,,,
11,92449,,,,,,0.9496071338653564,,,,
11,92499,,,,,,0.9501206874847412,,,,
11,92549,,,,,,0.9506343007087708,,,,
11,92599,,,,,,0.9511478543281555,,,,
11,92649,,,,,,0.9516614675521851,,,,
11,92699,,,,,,0.9521750211715698,,,,
11,92749,,,,,,0.9526886343955994,,,,
11,92799,,,,,,0.9532021880149841,,,,
11,92849,,,,,,0.9537158012390137,,,,
11,92899,,,,,,0.9542293548583984,,,,
11,92949,,,,,,0.954742968082428,,,,
11,92999,,,,,,0.9552565217018127,,,,
11,93049,,,,,,0.9557701349258423,,,,
11,93099,,,,,,0.956283688545227,,,,
11,93149,,,,,,0.9567973017692566,,,,
11,93199,,,,,,0.9573108553886414,,,,
11,93249,,,,,,0.9578244686126709,,,,
11,93299,,,,,,0.9583380222320557,,,,
11,93349,,,,,,0.9588516354560852,,,,
11,93399,,,,,,0.95936518907547,,,,
11,93449,,,,,,0.9598788022994995,,,,
11,93499,,,,,,0.9603923559188843,,,,
11,93549,,,,,,0.9609059691429138,,,,
11,93599,,,,,,0.9614195227622986,,,,
11,93649,,,,,,0.9619331359863281,,,,
11,93699,,,,,,0.9624466896057129,,,,
11,93749,,,,,,0.9629603028297424,,,,
11,93799,,,,,,0.9634738564491272,,,,
11,93849,,,,,,0.9639874696731567,,,,
11,93899,,,,,,0.9645010232925415,,,,
11,93949,,,,,,0.965014636516571,,,,
11,93999,,,,,,0.9655282497406006,,,,
11,94049,,,,,,0.9660418033599854,,,,
11,94099,,,,,,0.9665554165840149,,,,
11,94149,,,,,,0.9670689702033997,,,,
11,94199,,,,,,0.9675825834274292,,,,
11,94249,,,,,,0.968096137046814,,,,
11,94299,,,,,,0.9686097502708435,,,,
11,94349,,,,,,0.9691233038902283,,,,
11,94399,,,,,,0.9696369171142578,,,,
11,94449,,,,,,0.9701504707336426,,,,
11,94499,,,,,,0.9706640839576721,,,,
11,94549,,,,,,0.9711776375770569,,,,
11,94599,,,,,,0.9716912508010864,,,,
11,94649,,,,,,0.9722048044204712,,,,
11,94699,,,,,,0.9727184176445007,,,,
11,94749,,,,,,0.9732319712638855,,,,
11,94799,,,,,,0.973745584487915,,,,
11,94849,,,,,,0.9742591381072998,,,,
11,94899,,,,,,0.9747727513313293,,,,
11,94949,,,,,,0.9752863049507141,,,,
11,94999,,,,,,0.9757999181747437,,,,
11,95049,,,,,,0.9763134717941284,,,,
11,95099,,,,,,0.976827085018158,,,,
11,95149,,,,,,0.9773406386375427,,,,
11,95199,,,,,,0.9778542518615723,,,,
11,95249,,,,,,0.978367805480957,,,,
11,95299,,,,,,0.9788814187049866,,,,
11,95349,,,,,,0.9793949723243713,,,,
11,95399,,,,,,0.9799085855484009,,,,
11,95449,,,,,,0.9804221391677856,,,,
11,95499,,,,,,0.9809357523918152,,,,
11,95549,,,,,,0.9814493060112,,,,
11,95599,,,,,,0.9819629192352295,,,,
11,95649,,,,,,0.982476532459259,,,,
11,95699,,,,,,0.9829900860786438,,,,
11,95749,,,,,,0.9835036993026733,,,,
11,95799,,,,,,0.9840172529220581,,,,
11,95849,,,,,,0.9845308661460876,,,,
11,95899,,,,,,0.9850444197654724,,,,
11,95949,,,,,,0.985558032989502,,,,
11,95999,,,,,,0.9860715866088867,,,,
11,96049,,,,,,0.9865851998329163,,,,
11,96099,,,,,,0.987098753452301,,,,
11,96149,,,,,,0.9876123666763306,,,,
11,96199,,,,,,0.9881259202957153,,,,
11,96249,,,,,,0.9886395335197449,,,,
11,96299,,,,,,0.9891530871391296,,,,
11,96349,,,,,,0.9896667003631592,,,,
11,96399,,,,,,0.990180253982544,,,,
11,96449,,,,,,0.9906938672065735,,,,
11,96499,,,,,,0.9912074208259583,,,,
11,96549,,,,,,0.9917210340499878,,,,
11,96599,,,,,,0.9922345876693726,,,,
11,96649,,,,,,0.9927482008934021,,,,
11,96699,,,,,,0.9932617545127869,,,,
11,96749,,,,,,0.9937753677368164,,,,
11,96799,,,,,,0.9942889213562012,,,,
11,96849,,,,,,0.9948025345802307,,,,
11,96899,,,,,,0.9953160881996155,,,,
11,96949,,,,,,0.995829701423645,,,,
11,96999,,,,,,0.9963432550430298,,,,
11,97049,,,,,,0.9968568682670593,,,,
11,97099,,,,,,0.9973704218864441,,,,
11,97149,,,,,,0.9978840351104736,,,,
11,97199,,,,,,0.9983975887298584,,,,
11,97249,,,,,,0.9989112019538879,,,,
11,97299,,,,,,0.9994248151779175,,,,
11,97349,,,,,,0.9999383687973022,,,,
