lambda,seed,pad_full_maha,pad_heldout_maha,fitz_maha
0.0,42,0.8744110468890067,0.8521343329000334,0.7868254354855636
0.0,52,0.8948230353815874,0.873765012519391,0.8008263237119638
0.0,62,0.8704972601259744,0.8482256753911,0.7841154412021185
0.0,72,0.8396979173590854,0.8203081501180274,0.7364786012023399
0.0,82,0.8347135331724602,0.8208442623041192,0.7110482081908446
0.25,42,0.5107932297294582,0.5117343794274046,0.5091724328523131
0.25,52,0.48530436279185285,0.4963155724465349,0.40856340321401485
0.25,62,0.5290334066588652,0.5321256613887869,0.39881692853707323
0.5,42,0.4574614010380999,0.48120795860607524,0.4236838913232101
0.5,52,0.4421338056122802,0.4623696103498043,0.474609793978085
0.5,62,0.4465540349396417,0.4524453330951838,0.44785457580030374
1.0,42,0.47733890669210133,0.4937612528431862,0.5526345986167653
1.0,52,0.39801138203254804,0.42253523456079595,0.38089523208659226
1.0,62,0.44229740966265274,0.44792104238952235,0.4371659535824277
2.0,42,0.4167829930111441,0.43136248019554724,0.4346816969561821
2.0,52,0.39368828455871485,0.4088504541931415,0.41939403807858155
2.0,62,0.43094723911079785,0.4558985019730031,0.4273001364935996
2.0,72,0.4348003077302012,0.4416341967358072,0.4006194026035178
2.0,82,0.3876811388834354,0.39484097451689265,0.2717696578226349
4.0,42,0.39961165293680867,0.4171512349047898,0.43349845286436767
4.0,52,0.47303375842904394,0.4954644082148374,0.4658985848950028
4.0,62,0.4561399011299071,0.4536774263968961,0.393913024184444
8.0,42,0.5089969345496199,0.5172382807805572,0.5239468762015795
8.0,52,0.47838507085987714,0.5047408028507386,0.49562284223410413
8.0,62,0.4908090593874973,0.49637869311009014,0.4860319366488539
8.0,72,0.4872763283575373,0.5045703219319223,0.49442660020251394
8.0,82,0.43783260789322126,0.44852992250215823,0.3685976324760431
