epoch,step,train/loss_epoch,train/loss_step,val/acc,val/acc_AK,val/acc_BCC,val/acc_BKL,val/acc_DF,val/acc_MEL,val/acc_NV,val/acc_VASC,val/f1_macro,val/loss
0,19,,1.1472450494766235,,,,,,,,,,
0,39,,1.0538216829299927,,,,,,,,,,
0,59,,0.7372511029243469,,,,,,,,,,
0,79,,0.8953835964202881,,,,,,,,,,
0,99,,1.0327339172363281,,,,,,,,,,
0,119,,0.9612439274787903,,,,,,,,,,
0,139,,0.8764169216156006,,,,,,,,,,
0,159,,0.825468897819519,,,,,,,,,,
0,163,,,0.4666150212287903,0.28057554364204407,0.8383458852767944,0.35476189851760864,0.0,0.5732043981552124,0.9194175004959106,0.30000001192092896,0.49921223521232605,0.7979250550270081
0,163,0.97222900390625,,,,,,,,,,,
1,179,,0.6645156145095825,,,,,,,,,,
1,199,,0.8624550104141235,,,,,,,,,,
1,219,,0.6665701270103455,,,,,,,,,,
1,239,,0.7920887470245361,,,,,,,,,,
1,259,,0.7342897653579712,,,,,,,,,,
1,279,,0.6298864483833313,,,,,,,,,,
1,299,,0.8089097142219543,,,,,,,,,,
1,319,,0.591852605342865,,,,,,,,,,
1,327,,,0.5642819404602051,0.41726619005203247,0.847744345664978,0.43095237016677856,0.10526315867900848,0.5676795840263367,0.931067943572998,0.6499999761581421,0.6024289727210999,0.7429944276809692
1,327,0.756924033164978,,,,,,,,,,,
2,339,,0.6955857276916504,,,,,,,,,,
2,359,,0.6465577483177185,,,,,,,,,,
2,379,,0.6248554587364197,,,,,,,,,,
2,399,,0.7114672064781189,,,,,,,,,,
2,419,,0.60933917760849,,,,,,,,,,
2,439,,0.5845949649810791,,,,,,,,,,
2,459,,0.707631528377533,,,,,,,,,,
2,479,,0.6289241313934326,,,,,,,,,,
2,491,,,0.6490744948387146,0.4676258862018585,0.8383458852767944,0.41904762387275696,0.42105263471603394,0.6629834175109863,0.8844659924507141,0.8500000238418579,0.6488423347473145,0.7218949794769287
2,491,0.6534958481788635,,,,,,,,,,,
3,499,,0.4851417541503906,,,,,,,,,,
3,519,,0.40667760372161865,,,,,,,,,,
3,539,,0.8270606994628906,,,,,,,,,,
3,559,,0.7154228687286377,,,,,,,,,,
3,579,,0.5755560994148254,,,,,,,,,,
3,599,,0.6508447527885437,,,,,,,,,,
3,619,,0.6934968829154968,,,,,,,,,,
3,639,,0.5427694916725159,,,,,,,,,,
3,655,,,0.5841032266616821,0.2949640154838562,0.8815789222717285,0.4452380836009979,0.31578946113586426,0.5814917087554932,0.9446601867675781,0.625,0.643916130065918,0.7269240617752075
3,655,0.5984472632408142,,,,,,,,,,,
4,659,,0.5001994371414185,,,,,,,,,,
4,679,,0.40813422203063965,,,,,,,,,,
4,699,,0.506587028503418,,,,,,,,,,
4,719,,0.5196329355239868,,,,,,,,,,
4,739,,0.44427525997161865,,,,,,,,,,
4,759,,0.6026759147644043,,,,,,,,,,
4,779,,0.5176970958709717,,,,,,,,,,
4,799,,0.5206054449081421,,,,,,,,,,
4,819,,0.5245504379272461,,,,,,,,,,
4,819,,,0.640738844871521,0.4892086386680603,0.7575187683105469,0.538095235824585,0.5789473652839661,0.6063535809516907,0.9150485396385193,0.6000000238418579,0.655709981918335,0.7358453273773193
4,819,0.5558294057846069,,,,,,,,,,,
5,839,,0.39525288343429565,,,,,,,,,,
5,859,,0.48341983556747437,,,,,,,,,,
5,879,,0.41143321990966797,,,,,,,,,,
5,899,,0.5329483151435852,,,,,,,,,,
5,919,,0.5521912574768066,,,,,,,,,,
5,939,,0.4609375596046448,,,,,,,,,,
5,959,,0.4797917604446411,,,,,,,,,,
5,979,,0.5822323560714722,,,,,,,,,,
5,983,,,0.6082621812820435,0.28776979446411133,0.8872180581092834,0.5571428537368774,0.42105263471603394,0.7403314709663391,0.8393203616142273,0.5249999761581421,0.6415510773658752,0.7745935916900635
5,983,0.4857470393180847,,,,,,,,,,,
6,999,,0.3478870391845703,,,,,,,,,,
6,1019,,0.4262539744377136,,,,,,,,,,
6,1039,,0.4395279586315155,,,,,,,,,,
6,1059,,0.35742464661598206,,,,,,,,,,
6,1079,,0.36491653323173523,,,,,,,,,,
6,1099,,0.3477218449115753,,,,,,,,,,
6,1119,,0.4421100616455078,,,,,,,,,,
6,1139,,0.4305906295776367,,,,,,,,,,
6,1147,,,0.6355721950531006,0.4460431635379791,0.8421052694320679,0.5071428418159485,0.4736842215061188,0.59944748878479,0.9305825233459473,0.6499999761581421,0.6611331701278687,0.7617651224136353
6,1147,0.42344483733177185,,,,,,,,,,,
7,1159,,0.5527286529541016,,,,,,,,,,
7,1179,,0.483649879693985,,,,,,,,,,
7,1199,,0.39219120144844055,,,,,,,,,,
7,1219,,0.34568262100219727,,,,,,,,,,
7,1239,,0.3852896988391876,,,,,,,,,,
7,1259,,0.3629264831542969,,,,,,,,,,
7,1279,,0.35457995533943176,,,,,,,,,,
7,1299,,0.410815954208374,,,,,,,,,,
7,1311,,,0.6500928401947021,0.46043166518211365,0.8157894611358643,0.6595237851142883,0.3684210479259491,0.6450276374816895,0.9014562964439392,0.699999988079071,0.6822229623794556,0.7470704317092896
7,1311,0.3684771656990051,,,,,,,,,,,
8,1319,,0.38143765926361084,,,,,,,,,,
8,1339,,0.3039136230945587,,,,,,,,,,
8,1359,,0.3056952953338623,,,,,,,,,,
8,1379,,0.32822197675704956,,,,,,,,,,
8,1399,,0.30386775732040405,,,,,,,,,,
8,1419,,0.3388459384441376,,,,,,,,,,
8,1439,,0.3702223002910614,,,,,,,,,,
8,1459,,0.35983479022979736,,,,,,,,,,
8,1475,,,0.6772657632827759,0.4532374143600464,0.8947368264198303,0.511904776096344,0.5526315569877625,0.6616021990776062,0.8917475938796997,0.7749999761581421,0.6846785545349121,0.7856815457344055
8,1475,0.3251029849052429,,,,,,,,,,,
9,1479,,0.27724212408065796,,,,,,,,,,
9,1499,,0.26461559534072876,,,,,,,,,,
9,1519,,0.3161761164665222,,,,,,,,,,
9,1539,,0.28283724188804626,,,,,,,,,,
9,1559,,0.3909764885902405,,,,,,,,,,
9,1579,,0.36205536127090454,,,,,,,,,,
9,1599,,0.2922608256340027,,,,,,,,,,
9,1619,,0.30214768648147583,,,,,,,,,,
9,1639,,0.2818283438682556,,,,,,,,,,
9,1639,,,0.6277323961257935,0.568345308303833,0.8233082890510559,0.39523810148239136,0.31578946113586426,0.6975138187408447,0.9189320206642151,0.675000011920929,0.6719640493392944,0.8459696173667908
9,1639,0.30792683362960815,,,,,,,,,,,
10,1659,,0.29615920782089233,,,,,,,,,,
10,1679,,0.29190772771835327,,,,,,,,,,
10,1699,,0.31738612055778503,,,,,,,,,,
10,1719,,0.2670466899871826,,,,,,,,,,
10,1739,,0.41965168714523315,,,,,,,,,,
10,1759,,0.3189607262611389,,,,,,,,,,
10,1779,,0.27725234627723694,,,,,,,,,,
10,1799,,0.37260204553604126,,,,,,,,,,
10,1803,,,0.6694940328598022,0.32374101877212524,0.9248120188713074,0.6619047522544861,0.5263158082962036,0.6174033284187317,0.9072815775871277,0.7250000238418579,0.7018510699272156,0.7793081402778625
10,1803,0.2763591408729553,,,,,,,,,,,
11,1819,,0.23592878878116608,,,,,,,,,,
11,1839,,0.25705423951148987,,,,,,,,,,
11,1859,,0.25799068808555603,,,,,,,,,,
11,1879,,0.25982803106307983,,,,,,,,,,
11,1899,,0.2708999514579773,,,,,,,,,,
11,1919,,0.25412994623184204,,,,,,,,,,
11,1939,,0.24040555953979492,,,,,,,,,,
11,1959,,0.2590460777282715,,,,,,,,,,
11,1967,,,0.6692372560501099,0.43884891271591187,0.8778195381164551,0.5071428418159485,0.6842105388641357,0.639502763748169,0.912135899066925,0.625,0.6787275075912476,0.7715303301811218
11,1967,0.25706514716148376,,,,,,,,,,,
12,1979,,0.2357291430234909,,,,,,,,,,
12,1999,,0.25951236486434937,,,,,,,,,,
12,2019,,0.23150888085365295,,,,,,,,,,
12,2039,,0.24285203218460083,,,,,,,,,,
12,2059,,0.22592270374298096,,,,,,,,,,
12,2079,,0.22086061537265778,,,,,,,,,,
12,2099,,0.2617312967777252,,,,,,,,,,
12,2119,,0.3009144067764282,,,,,,,,,,
12,2131,,,0.6028256416320801,0.34532374143600464,0.8251879811286926,0.4761904776096344,0.3684210479259491,0.6643646359443665,0.9402912855148315,0.6000000238418579,0.6691724061965942,0.8679106831550598
12,2131,0.24512842297554016,,,,,,,,,,,
13,2139,,0.22291390597820282,,,,,,,,,,
13,2159,,0.2407766431570053,,,,,,,,,,
13,2179,,0.21407189965248108,,,,,,,,,,
13,2199,,0.20825323462486267,,,,,,,,,,
13,2219,,0.21867460012435913,,,,,,,,,,
13,2239,,0.2399137020111084,,,,,,,,,,
13,2259,,0.22056204080581665,,,,,,,,,,
13,2279,,0.20475967228412628,,,,,,,,,,
13,2295,,,0.6489456295967102,0.38129496574401855,0.8796992301940918,0.561904788017273,0.3684210479259491,0.7127071619033813,0.9135922193527222,0.7250000238418579,0.6842859387397766,0.7699506878852844
13,2295,0.22929340600967407,,,,,,,,,,,
14,2299,,0.19395864009857178,,,,,,,,,,
14,2319,,0.19482974708080292,,,,,,,,,,
14,2339,,0.18541370332241058,,,,,,,,,,
14,2359,,0.1942114531993866,,,,,,,,,,
14,2379,,0.18028336763381958,,,,,,,,,,
14,2399,,0.20076984167099,,,,,,,,,,
14,2419,,0.19470353424549103,,,,,,,,,,
14,2439,,0.2005966156721115,,,,,,,,,,
14,2459,,0.1998116374015808,,,,,,,,,,
14,2459,,,0.7013251781463623,0.48201438784599304,0.8721804618835449,0.6285714507102966,0.5263158082962036,0.6616021990776062,0.9135922193527222,0.824999988079071,0.7262303233146667,0.7462353706359863
14,2459,0.20888814330101013,,,,,,,,,,,
15,2479,,0.19774283468723297,,,,,,,,,,
15,2499,,0.18590477108955383,,,,,,,,,,
15,2519,,0.25564008951187134,,,,,,,,,,
15,2539,,0.2050495594739914,,,,,,,,,,
15,2559,,0.2446596622467041,,,,,,,,,,
15,2579,,0.19145847856998444,,,,,,,,,,
15,2599,,0.35175174474716187,,,,,,,,,,
15,2619,,0.25499802827835083,,,,,,,,,,
15,2623,,,0.6699942350387573,0.3381294906139374,0.9210526347160339,0.6380952596664429,0.6315789222717285,0.5814917087554932,0.9296116232872009,0.6499999761581421,0.7118695974349976,0.8335095643997192
15,2623,0.21693839132785797,,,,,,,,,,,
16,2639,,0.18627415597438812,,,,,,,,,,
16,2659,,0.2012546956539154,,,,,,,,,,
16,2679,,0.1963198035955429,,,,,,,,,,
16,2699,,0.25927355885505676,,,,,,,,,,
16,2719,,0.20211434364318848,,,,,,,,,,
16,2739,,0.19941236078739166,,,,,,,,,,
16,2759,,0.18134944140911102,,,,,,,,,,
16,2779,,0.19256508350372314,,,,,,,,,,
16,2787,,,0.6661636233329773,0.4100719392299652,0.7612782120704651,0.6499999761581421,0.44736841320991516,0.6560773253440857,0.9383494853973389,0.800000011920929,0.7119548320770264,0.7868139743804932
16,2787,0.2087143063545227,,,,,,,,,,,
17,2799,,0.2139107584953308,,,,,,,,,,
17,2819,,0.1806759238243103,,,,,,,,,,
17,2839,,0.17764735221862793,,,,,,,,,,
17,2859,,0.19238705933094025,,,,,,,,,,
17,2879,,0.17805705964565277,,,,,,,,,,
17,2899,,0.2124638855457306,,,,,,,,,,
17,2919,,0.2265007346868515,,,,,,,,,,
17,2939,,0.18219713866710663,,,,,,,,,,
17,2951,,,0.6690446734428406,0.4100719392299652,0.9116541147232056,0.5690476298332214,0.5526315569877625,0.658839762210846,0.931067943572998,0.6499999761581421,0.719356894493103,0.798259437084198
17,2951,0.1972397416830063,,,,,,,,,,,
18,2959,,0.18948784470558167,,,,,,,,,,
18,2979,,0.1963731348514557,,,,,,,,,,
18,2999,,0.1826046109199524,,,,,,,,,,
18,3019,,0.1986805945634842,,,,,,,,,,
18,3039,,0.19234898686408997,,,,,,,,,,
18,3059,,0.2288791686296463,,,,,,,,,,
18,3079,,0.17899860441684723,,,,,,,,,,
18,3099,,0.20546011626720428,,,,,,,,,,
18,3115,,,0.6432269811630249,0.3741007149219513,0.9210526347160339,0.4690476059913635,0.42105263471603394,0.658839762210846,0.9334951639175415,0.7250000238418579,0.6982551217079163,0.828673779964447
18,3115,0.19740469753742218,,,,,,,,,,,
19,3119,,0.17845332622528076,,,,,,,,,,
19,3139,,0.18521973490715027,,,,,,,,,,
19,3159,,0.1752966046333313,,,,,,,,,,
19,3179,,0.1978321671485901,,,,,,,,,,
19,3199,,0.1749471127986908,,,,,,,,,,
19,3219,,0.1978975534439087,,,,,,,,,,
19,3239,,0.2001667022705078,,,,,,,,,,
19,3259,,0.23511120676994324,,,,,,,,,,
19,3279,,0.19242224097251892,,,,,,,,,,
19,3279,,,0.668425440788269,0.3525179922580719,0.9041353464126587,0.5309523940086365,0.3947368562221527,0.700276255607605,0.9213592410087585,0.875,0.7082000970840454,0.77070552110672
19,3279,0.19160154461860657,,,,,,,,,,,
20,3299,,0.21105599403381348,,,,,,,,,,
20,3319,,0.17490601539611816,,,,,,,,,,
20,3339,,0.2181386649608612,,,,,,,,,,
20,3359,,0.20886246860027313,,,,,,,,,,
20,3379,,0.1880335956811905,,,,,,,,,,
20,3399,,0.18618746101856232,,,,,,,,,,
20,3419,,0.1769568771123886,,,,,,,,,,
20,3439,,0.1750352829694748,,,,,,,,,,
20,3443,,,0.6899954080581665,0.3956834673881531,0.88345867395401,0.6714285612106323,0.5,0.7182320356369019,0.9111650586128235,0.75,0.7344993948936462,0.7201313376426697
20,3443,0.18635714054107666,,,,,,,,,,,
21,3459,,0.1738595813512802,,,,,,,,,,
21,3479,,0.17731842398643494,,,,,,,,,,
21,3499,,0.1766822338104248,,,,,,,,,,
21,3519,,0.17781291902065277,,,,,,,,,,
21,3539,,0.17525863647460938,,,,,,,,,,
21,3559,,0.17189039289951324,,,,,,,,,,
21,3579,,0.17051516473293304,,,,,,,,,,
21,3599,,0.17961913347244263,,,,,,,,,,
21,3607,,,0.6675962209701538,0.3309352397918701,0.9172932505607605,0.6095238327980042,0.44736841320991516,0.6947513818740845,0.9233009815216064,0.75,0.7223981618881226,0.7406004667282104
21,3607,0.1788720041513443,,,,,,,,,,,
22,3619,,0.17504650354385376,,,,,,,,,,
22,3639,,0.17750738561153412,,,,,,,,,,
22,3659,,0.17168359458446503,,,,,,,,,,
22,3679,,0.17319369316101074,,,,,,,,,,
22,3699,,0.1772223711013794,,,,,,,,,,
22,3719,,0.17534887790679932,,,,,,,,,,
22,3739,,0.18239974975585938,,,,,,,,,,
22,3759,,0.1769944727420807,,,,,,,,,,
22,3771,,,0.699872612953186,0.42446044087409973,0.8759398460388184,0.5976190567016602,0.5263158082962036,0.6961326003074646,0.9286407828330994,0.8500000238418579,0.745302677154541,0.7222002744674683
22,3771,0.17711474001407623,,,,,,,,,,,
23,3779,,0.1836625337600708,,,,,,,,,,
23,3799,,0.19597366452217102,,,,,,,,,,
23,3819,,0.17162363231182098,,,,,,,,,,
23,3839,,0.1759105920791626,,,,,,,,,,
23,3859,,0.17028607428073883,,,,,,,,,,
23,3879,,0.17212392389774323,,,,,,,,,,
23,3899,,0.17694425582885742,,,,,,,,,,
23,3919,,0.17828276753425598,,,,,,,,,,
23,3935,,,0.6882662773132324,0.4460431635379791,0.8590225577354431,0.6357142925262451,0.5,0.6491712927818298,0.9529126286506653,0.7749999761581421,0.743809163570404,0.7295382618904114
23,3935,0.17495961487293243,,,,,,,,,,,
24,3939,,0.1774182766675949,,,,,,,,,,
24,3959,,0.17401567101478577,,,,,,,,,,
24,3979,,0.18137603998184204,,,,,,,,,,
24,3999,,0.1782204508781433,,,,,,,,,,
24,4019,,0.16921856999397278,,,,,,,,,,
24,4039,,0.1694844514131546,,,,,,,,,,
24,4059,,0.17303566634655,,,,,,,,,,
24,4079,,0.170921191573143,,,,,,,,,,
24,4099,,0.16899895668029785,,,,,,,,,,
24,4099,,,0.6952261924743652,0.4100719392299652,0.9154135584831238,0.6404761672019958,0.44736841320991516,0.7348066568374634,0.9184466004371643,0.800000011920929,0.7409670352935791,0.7079514861106873
24,4099,0.17214180529117584,,,,,,,,,,,
25,4119,,0.17051845788955688,,,,,,,,,,
25,4139,,0.17181144654750824,,,,,,,,,,
25,4159,,0.16979287564754486,,,,,,,,,,
25,4179,,0.16919800639152527,,,,,,,,,,
25,4199,,0.16864605247974396,,,,,,,,,,
25,4219,,0.18321287631988525,,,,,,,,,,
25,4239,,0.17226777970790863,,,,,,,,,,
25,4259,,0.16950170695781708,,,,,,,,,,
25,4263,,,0.7151190042495728,0.4748201370239258,0.8928571343421936,0.6095238327980042,0.5263158082962036,0.6850828528404236,0.9422330260276794,0.875,0.7600829601287842,0.7035312652587891
25,4263,0.17171156406402588,,,,,,,,,,,
26,4279,,0.16905158758163452,,,,,,,,,,
26,4299,,0.17589062452316284,,,,,,,,,,
26,4319,,0.17792311310768127,,,,,,,,,,
26,4339,,0.17422054708003998,,,,,,,,,,
26,4359,,0.16895073652267456,,,,,,,,,,
26,4379,,0.17752084136009216,,,,,,,,,,
26,4399,,0.16868096590042114,,,,,,,,,,
26,4419,,0.16792359948158264,,,,,,,,,,
26,4427,,,0.7117520570755005,0.4748201370239258,0.88345867395401,0.6333333253860474,0.5263158082962036,0.6961326003074646,0.943203866481781,0.824999988079071,0.7574890851974487,0.697957456111908
26,4427,0.17044860124588013,,,,,,,,,,,
27,4439,,0.16778533160686493,,,,,,,,,,
27,4459,,0.17039190232753754,,,,,,,,,,
27,4479,,0.16855557262897491,,,,,,,,,,
27,4499,,0.16757413744926453,,,,,,,,,,
27,4519,,0.16814155876636505,,,,,,,,,,
27,4539,,0.168160080909729,,,,,,,,,,
27,4559,,0.16855470836162567,,,,,,,,,,
27,4579,,0.1691761314868927,,,,,,,,,,
27,4591,,,0.7047421932220459,0.4892086386680603,0.8778195381164551,0.6047618985176086,0.5263158082962036,0.7251381278038025,0.9349514842033386,0.7749999761581421,0.7535048723220825,0.7078559398651123
27,4591,0.16928452253341675,,,,,,,,,,,
28,4599,,0.16826876997947693,,,,,,,,,,
28,4619,,0.16799455881118774,,,,,,,,,,
28,4639,,0.17029911279678345,,,,,,,,,,
28,4659,,0.1692764312028885,,,,,,,,,,
28,4679,,0.16812409460544586,,,,,,,,,,
28,4699,,0.16832508146762848,,,,,,,,,,
28,4719,,0.16789180040359497,,,,,,,,,,
28,4739,,0.168443500995636,,,,,,,,,,
28,4755,,,0.6961138844490051,0.4460431635379791,0.9003759622573853,0.5928571224212646,0.5263158082962036,0.6933701634407043,0.9388349652290344,0.7749999761581421,0.7471497058868408,0.7155187129974365
28,4755,0.16900686919689178,,,,,,,,,,,
29,4759,,0.1681411862373352,,,,,,,,,,
29,4779,,0.16790811717510223,,,,,,,,,,
29,4799,,0.17063765227794647,,,,,,,,,,
29,4819,,0.168150395154953,,,,,,,,,,
29,4839,,0.16807277500629425,,,,,,,,,,
29,4859,,0.1842007339000702,,,,,,,,,,
29,4879,,0.16745200753211975,,,,,,,,,,
29,4899,,0.16748371720314026,,,,,,,,,,
29,4919,,0.1679200977087021,,,,,,,,,,
29,4919,,,0.6886328458786011,0.3884892165660858,0.902255654335022,0.6309523582458496,0.5,0.6795580387115479,0.9441747665405273,0.7749999761581421,0.7440589666366577,0.7268761396408081
29,4919,0.1687835305929184,,,,,,,,,,,
30,4939,,0.17033004760742188,,,,,,,,,,
30,4959,,0.16764041781425476,,,,,,,,,,
30,4979,,0.16914677619934082,,,,,,,,,,
30,4999,,0.16765156388282776,,,,,,,,,,
30,5019,,0.1697523146867752,,,,,,,,,,
30,5039,,0.1695580780506134,,,,,,,,,,
30,5059,,0.17605304718017578,,,,,,,,,,
30,5079,,0.16815361380577087,,,,,,,,,,
30,5083,,,0.6934645771980286,0.4460431635379791,0.902255654335022,0.6309523582458496,0.4736842215061188,0.7168508172035217,0.9344660043716431,0.75,0.7484974265098572,0.7167211174964905
30,5083,0.16866762936115265,,,,,,,,,,,
31,5099,,0.16755031049251556,,,,,,,,,,
31,5119,,0.16922685503959656,,,,,,,,,,
31,5139,,0.1675756871700287,,,,,,,,,,
31,5159,,0.16788916289806366,,,,,,,,,,
31,5179,,0.16928337514400482,,,,,,,,,,
31,5199,,0.16728955507278442,,,,,,,,,,
31,5219,,0.1693434715270996,,,,,,,,,,
31,5239,,0.16849270462989807,,,,,,,,,,
31,5247,,,0.7014873027801514,0.4748201370239258,0.8984962701797485,0.6142857074737549,0.5,0.7099447250366211,0.9378640651702881,0.7749999761581421,0.7520571351051331,0.7059248685836792
31,5247,0.16870371997356415,,,,,,,,,,,
32,5259,,0.16790537536144257,,,,,,,,,,
32,5279,,0.16749994456768036,,,,,,,,,,
32,5299,,0.16845591366291046,,,,,,,,,,
32,5319,,0.1675441563129425,,,,,,,,,,
32,5339,,0.16737744212150574,,,,,,,,,,
32,5359,,0.16735482215881348,,,,,,,,,,
32,5379,,0.1675684005022049,,,,,,,,,,
32,5399,,0.17013734579086304,,,,,,,,,,
32,5411,,,0.7041105031967163,0.46043166518211365,0.9003759622573853,0.6214285492897034,0.5,0.7154695987701416,0.931067943572998,0.800000011920929,0.7517846822738647,0.7098612785339355
32,5411,0.16831547021865845,,,,,,,,,,,
33,5419,,0.16839976608753204,,,,,,,,,,
33,5439,,0.16790366172790527,,,,,,,,,,
33,5459,,0.16742153465747833,,,,,,,,,,
33,5479,,0.16713768243789673,,,,,,,,,,
33,5499,,0.16707468032836914,,,,,,,,,,
33,5519,,0.16716265678405762,,,,,,,,,,
33,5539,,0.17033112049102783,,,,,,,,,,
33,5559,,0.16747498512268066,,,,,,,,,,
33,5575,,,0.7070691585540771,0.48201438784599304,0.9060150384902954,0.5714285969734192,0.5526315569877625,0.6961326003074646,0.9412621259689331,0.800000011920929,0.7591937780380249,0.7213776707649231
33,5575,0.16799387335777283,,,,,,,,,,,
34,5579,,0.16786862909793854,,,,,,,,,,
34,5599,,0.16718439757823944,,,,,,,,,,
34,5619,,0.1675618588924408,,,,,,,,,,
34,5639,,0.1676875650882721,,,,,,,,,,
34,5659,,0.16722041368484497,,,,,,,,,,
34,5679,,0.16685402393341064,,,,,,,,,,
34,5699,,0.1717955768108368,,,,,,,,,,
34,5719,,0.16828934848308563,,,,,,,,,,
34,5739,,0.16794952750205994,,,,,,,,,,
34,5739,,,0.7101395130157471,0.5107913613319397,0.8853383660316467,0.6071428656578064,0.5263158082962036,0.7030386924743652,0.9383494853973389,0.800000011920929,0.7578756213188171,0.7073630690574646
34,5739,0.1679464876651764,,,,,,,,,,,
35,5759,,0.16750161349773407,,,,,,,,,,
35,5779,,0.1675771176815033,,,,,,,,,,
35,5799,,0.1680213063955307,,,,,,,,,,
35,5819,,0.167606920003891,,,,,,,,,,
35,5839,,0.17219196259975433,,,,,,,,,,
35,5859,,0.17110095918178558,,,,,,,,,,
35,5879,,0.16773827373981476,,,,,,,,,,
35,5899,,0.16786447167396545,,,,,,,,,,
35,5903,,,0.699169397354126,0.4676258862018585,0.8815789222717285,0.5642856955528259,0.5263158082962036,0.7140883803367615,0.9402912855148315,0.800000011920929,0.7518398761749268,0.7195829153060913
35,5903,0.16789621114730835,,,,,,,,,,,
36,5919,,0.16925670206546783,,,,,,,,,,
36,5939,,0.16734679043293,,,,,,,,,,
36,5959,,0.1678939014673233,,,,,,,,,,
36,5979,,0.17131009697914124,,,,,,,,,,
36,5999,,0.166940376162529,,,,,,,,,,
36,6019,,0.16744543612003326,,,,,,,,,,
36,6039,,0.1671442836523056,,,,,,,,,,
36,6059,,0.16768880188465118,,,,,,,,,,
36,6067,,,0.7024195194244385,0.4532374143600464,0.9003759622573853,0.5928571224212646,0.5263158082962036,0.7058011293411255,0.9383494853973389,0.800000011920929,0.7531481981277466,0.7147580981254578
36,6067,0.16777953505516052,,,,,,,,,,,
37,6079,,0.16777463257312775,,,,,,,,,,
37,6099,,0.16673845052719116,,,,,,,,,,
37,6119,,0.16731074452400208,,,,,,,,,,
37,6139,,0.1687907576560974,,,,,,,,,,
37,6159,,0.16763003170490265,,,,,,,,,,
37,6179,,0.16699497401714325,,,,,,,,,,
37,6199,,0.17387284338474274,,,,,,,,,,
37,6219,,0.16703838109970093,,,,,,,,,,
37,6231,,,0.6971284747123718,0.4532374143600464,0.8984962701797485,0.6166666746139526,0.5,0.6947513818740845,0.9417475461959839,0.7749999761581421,0.7514679431915283,0.7142072319984436
37,6231,0.1679707169532776,,,,,,,,,,,
38,6239,,0.1670275777578354,,,,,,,,,,
38,6259,,0.16856996715068817,,,,,,,,,,
38,6279,,0.1670348048210144,,,,,,,,,,
38,6299,,0.1667846441268921,,,,,,,,,,
38,6319,,0.17270568013191223,,,,,,,,,,
38,6339,,0.16698600351810455,,,,,,,,,,
38,6359,,0.16733430325984955,,,,,,,,,,
38,6379,,0.1670306771993637,,,,,,,,,,
38,6395,,,0.698217511177063,0.4532374143600464,0.8872180581092834,0.5904762148857117,0.5263158082962036,0.7154695987701416,0.939805805683136,0.7749999761581421,0.7506955862045288,0.7128545641899109
38,6395,0.16752246022224426,,,,,,,,,,,
39,6399,,0.16781938076019287,,,,,,,,,,
39,6419,,0.16721582412719727,,,,,,,,,,
39,6439,,0.1667211353778839,,,,,,,,,,
39,6459,,0.16730225086212158,,,,,,,,,,
39,6479,,0.16683699190616608,,,,,,,,,,
39,6499,,0.16759365797042847,,,,,,,,,,
39,6519,,0.16969938576221466,,,,,,,,,,
39,6539,,0.16673073172569275,,,,,,,,,,
39,6559,,0.1669389009475708,,,,,,,,,,
39,6559,,,0.6936439871788025,0.43884891271591187,0.8984962701797485,0.5833333134651184,0.5,0.7209944725036621,0.9388349652290344,0.7749999761581421,0.7482653856277466,0.7132986187934875
39,6559,0.1675737053155899,,,,,,,,,,,
